Turbo Assembler	 Version 5.3	    09-05-26 02:41:13	    Page 1
th02_main.asm



      1					 ;
      2					 ; +-------------------------------------------------------------------------+
      3					 ; |   This file has been generated by The Interactive Disassembler (IDA)    |
      4					 ; |	    Copyright (c) 2009 by Hex-Rays, <support@hex-rays.com>	     |
      5					 ; +-------------------------------------------------------------------------+
      6					 ;
      7					 ; Input MD5   : 96CEE07713A8E6460AE72276F3A9F909
      8
      9					 ; File	Name   : th02/MAIN.EXE
     10					 ; Format      : MS-DOS	executable (EXE)
     11					 ; Base	Address: 0h Range: 0h-26EB0h Loaded length: 1F466h
     12					 ; Entry Point : 0:0
     13					 ; OS type	   :  MS DOS
     14					 ; Application type:  Executable 16bit
     15
     16							 .386
     17	    0000					 .model	use16 large _TEXT
     18
     19		  =004D			 BINARY	= 'M'
     20
     21					 include ReC98.inc
1    22					 ; ReC98
1    23					 ; Main	include	file
1    24
1    25					 locals
1    26
1    27		  =0001			 LDATA = @DataSize
1    28		  =0004			 dPtrSize = (@DataSize + 1) * 2
1    29
1    30					 include libs/master.lib/func.inc
2    31					 ; *Not* the original file. The	memory model conditional branches at the
2    32					 ; beginning had to be rewritten to refer to TASM's @MODEL symbol instead.
2    33
2    34		  =0002			   RETSIZE EQU 2
2    35		  =0002			   DATASIZE EQU	2
2    36
2    37
1    38					 include libs/master.lib/super.inc
2    39					 ;
2    40					 ;$Id: super.inc 0.03 93/01/15 11:43:23	Kazumi Rel $
2    41					 ; master.lib..
2    42					 ;
2    43		  =0000			 MEMID_Unknown	 EQU	 0
2    44		  =0001			 MEMID_font	 EQU	 1
2    45		  =0002			 MEMID_gaiji	 EQU	 2
2    46		  =0003			 MEMID_wfont	 EQU	 3
2    47		  =0004			 MEMID_super	 EQU	 4
2    48		  =0005			 MEMID_vvram	 EQU	 5
2    49		  =0006			 MEMID_bfile	 EQU	 6
2    50		  =0007			 MEMID_pfile	 EQU	 7
2    51		  =0008			 MEMID_bgm	 EQU	 8
2    52		  =0009			 MEMID_efs	 EQU	 9
2    53		  =000A			 MEMID_pi	 EQU	 10
2    54		  =000B			 MEMID_mag	 EQU	 11
2    55		  =000C			 MEMID_textback	 EQU	 12
2    56		  =000D			 MEMID_vtx	 EQU	 13
2    57
Turbo Assembler	 Version 5.3	    09-05-26 02:41:13	    Page 2
th02_main.asm



2    58		  =0000			 NoError	 EQU	 0
2    59		  =-0002		 FileNotFound	 EQU	 -2
2    60		  =-0008		 InsufficientMemory	 EQU	 -8
2    61		  =-000D		 InvalidData	 EQU	 -13
2    62		  =-001F		 GeneralFailure	 EQU	 -31
2    63		  =-000B		 InvalidFormat	 EQU	 -11
2    64		  =0000			 PATTERN_ERASE	 EQU	 0
2    65		  =0001			 PATTERN_BLUE	 EQU	 1
2    66		  =0002			 PATTERN_RED	 EQU	 2
2    67		  =0003			 PATTERN_GREEN	 EQU	 3
2    68		  =0004			 PATTERN_INTEN	 EQU	 4
2    69		  =00C0			 PLANE_ERASE	 EQU	 000c0h
2    70		  =FFCE			 PLANE_BLUE	 EQU	 0ffceh
2    71		  =FFCD			 PLANE_RED	 EQU	 0ffcdh
2    72		  =FFCB			 PLANE_GREEN	 EQU	 0ffcbh
2    73		  =FFC7			 PLANE_INTEN	 EQU	 0ffc7h
2    74
2    75	00000000			 bfnt_header	 STRUC
2    76	00000000  01*(05*(??))		 id		 DB	 5 dup (?)
2    77	00000005  01*(??)		 col		 DB	 ?
2    78	00000006  01*(??)		 ver		 DB	 ?
2    79	00000007  01*(??)		 x00		 DB	 ?
2    80	00000008  01*(????)		 Xdots		 DW	 ?
2    81	0000000A  01*(????)		 Ydots		 DW	 ?
2    82	0000000C  01*(????)		 START		 DW	 ?
2    83	0000000E  01*(????)		 END_		 DW	 ?
2    84	00000010  01*(08*(??))		 font_name	 DB	 8 dup (?)
2    85	00000018  01*(????????)		 time		 DD	 ?
2    86	0000001C  01*(????)		 extSize	 DW	 ?
2    87	0000001E  01*(????)		 hdrSize	 DW	 ?
2    88	00000020			 bfnt_header	 ENDS
2    89		  =0020			 BFNT_HEADER_SIZE EQU 32
2    90
2    91		  =0200			 MAXCHAR	 EQU	 512
2    92		  =0200			 MAXPAT		 EQU	 512
2    93
2    94
1    95					 include libs/master.lib/bgm.inc
2    96		  =0001			 BGM_STAT_PLAY	 equ	 1	 ;リターンコード
2    97		  =0000			 BGM_STAT_MUTE	 equ	 0
2    98		  =0001			 BGM_STAT_REPT	 equ	 1
2    99		  =0000			 BGM_STAT_1TIM	 equ	 0
2   100		  =0001			 BGM_STAT_ON	 equ	 1
2   101		  =0000			 BGM_STAT_OFF	 equ	 0
2   102		  =0001			 BGM_MES_ON	 equ	 1	 ;パラメータ
2   103		  =0000			 BGM_MES_OFF	 equ	 0
2   104		  =0001			 BGM_MUSIC	 equ	 1
2   105		  =0002			 BGM_SOUND_	 equ	 2
2   106					 ; ↑'BGM_SOUND'より変更
2   107					 BGM_COMPLETE	 equ	 NoError ; エラーナンバー
2   108					 BGM_FILE_ERR	 equ	 FileNotFound
2   109					 BGM_FORMAT_ERR	 equ	 InvalidFormat
2   110					 BGM_OVERFLOW	 equ	 InsufficientMemory
2   111					 BGM_TOOMANY	 equ	 InvalidData
2   112					 BGM_NO_MUSIC	 equ	 InvalidData
2   113					 BGM_NOT_PLAY	 equ	 GeneralFailure
2   114					 BGM_NOT_STOP	 equ	 GeneralFailure
Turbo Assembler	 Version 5.3	    09-05-26 02:41:13	    Page 3
th02_main.asm



2   115					 BGM_EXTENT_ERR	 equ	 InvalidData
2   116
2   117		  =0001			 ON		 equ	 1
2   118		  =0000			 OFF		 equ	 0
2   119		  =0001			 TRUE		 equ	 1
2   120		  =0000			 FALSE		 equ	 0
2   121		  =0001			 FINISH		 equ	 1
2   122		  =0000			 NOTFIN		 equ	 0
2   123		  =0000			 SEND		 equ	 0
2   124		  =0000			 VEND		 equ	 0
2   125		  =0037			 BEEP_SW	 equ	 37h	 ;ポートアドレス・設定値
2   126		  =0006			 BEEP_ON	 equ	 06h
2   127		  =0007			 BEEP_OFF	 equ	 07h
2   128		  =3FDB			 BEEP_CNT	 equ	 3fdbh
2   129		  =3FDF			 BEEP_MODE	 equ	 3fdfh
2   130		  =0042			 BEEP_CNT_AT	 equ	 42h
2   131		  =0043			 BEEP_MODE_AT	 equ	 43h
2   132		  =0000			 INTCTRL	 equ	 00h
2   133		  =0020			 EOI		 equ	 20h
2   134		  =0002			 IMR		 equ	 02h
2   135		  =0001			 TIMERMASK	 equ	 01h
2   136		  =0071			 TIMER_CNT	 equ	 71h
2   137		  =0077			 TIMER_SET	 equ	 77h
2   138		  =0042			 CLOCK_CHK	 equ	 42h
2   139		  =0003			 PMAX		 equ	 3	 ;パート数
2   140		  =0007			 ALL_PART	 equ	 7	 ;演奏終了チェック用
2   141		  =1000			 BUFMAX		 equ	 4096	 ;１パートのバッファ長
2   142		  =0100			 SBUFMAX	 equ	 256	 ;効果音１音のバッファ長
2   143		  =0020			 MINNOTE	 equ	 32	 ;最小音符
2   144		  =0001			 MINLCNT	 equ	 1	 ;最小カウントデータ
2   145		  =0078			 DEFTEMPO	 equ	 120	 ;デフォルトテンポ
2   146		  =00F0			 TEMPOMAX	 equ	 240	 ;最大テンポ
2   147		  =001E			 TEMPOMIN	 equ	 30	 ;最小テンポ
2   148		  =0004			 DEFOCT		 equ	 4	 ;デフォルトオクターブ
2   149		  =0004			 DEFLEN		 equ	 4	 ;デフォルト音長
2   150		  =0008			 DEFLCNT	 equ	 8	 ;デフォルト音長カウント値
2   151		  =0008			 DIVNUM		 equ	 8	 ;1オクターブの音数
2   152		  =0048			 REST		 equ	 'H'	 ;休符
2   153		  =0064			 UNDF		 equ	 100	 ;未定義音符
2   154		  =0010			 MMAX		 equ	 16	 ;最大曲数
2   155		  =0010			 SMAX		 equ	 16	 ;最大効果音数
2   156		  =0001			 TIMER		 equ	 1	 ;タイマ	 =	 1ms
2   157		  =07CD			 TVAL8ORG	 equ	 1997	 ;タイマ設定値	 8MHz(1msec)
2   158		  =099A			 TVAL10ORG	 equ	 2458	 ;タイマ設定値	 10MHz(1msec)
2   159		  =0010			 TVALATORG_RTC	 equ	 16	 ;タイマ設定値   8192Hz*2(AT互換機) (1msec)
2   160		  =04A9			 TVALATORG	 equ	 1193	 ;タイマ設定値  1193.18K(AT互換機) (1msec)
2   161		  =4E00			 TVAL8ORG2	 equ	 19968	 ;タイマ設定値	 8MHz(10msec)
2   162		  =6000			 TVAL10ORG2	 equ	 24576	 ;タイマ設定値	 10MHz(10msec)
2   163					 ;TVALATORG2	 equ	 41	 ;タイマ設定値   4096Hz(AT互換機) (10msec)
2   164					 ;TVALATORG2	 equ	 11931	 ;タイマ設定値  1193.18K(AT互換機) (10msec)
2   165		  =0014			 TCNTMAX	 equ	 20	 ;割り込み何回に	 1回処理するか
2   166
2   167					 ;
2   168					 ;ステータス構造体
2   169					 ;
2   170	00000000			 SBSTAT		 struc
2   171	00000000  01*(????)		 bmusic		 dw	 ?	 ;演奏処理 ON/OFF
Turbo Assembler	 Version 5.3	    09-05-26 02:41:13	    Page 4
th02_main.asm



2   172	00000002  01*(????)		 bsound		 dw	 ?	 ;効果音処理 ON/OFF
2   173	00000004  01*(????)		 bplay		 dw	 ?	 ;演奏中か否か
2   174	00000006  01*(????)		 beffect	 dw	 ?	 ;効果音出力中か否か
2   175	00000008  01*(????)		 brepeat	 dw	 ?	 ;リピート演奏か否か
2   176	0000000A  01*(????)		 bmnum		 dw	 ?	 ;登録曲数
2   177	0000000C  01*(????)		 brnum		 dw	 ?	 ;セレクト中曲番号
2   178	0000000E  01*(????)		 btempo		 dw	 ?	 ;現在のテンポ
2   179	00000010  01*(????)		 bsnum		 dw	 ?	 ;登録効果音数
2   180	00000012  01*(????)		 bfnum		 dw	 ?	 ;セレクト中効果音番号
2   181	00000014			 SBSTAT		 ends
2   182
2   183					 ;
2   184					 ;グローバルデータ構造体
2   185					 ;
2   186	00000000			 SGLB		 struc
2   187	00000000  01*(????)		 simr		 dw	 ?	 ;interrupt mask register
2   188					 ; ↑'imr'より変更
2   189	00000002  01*(????)		 tval		 dw	 ?	 ;タイマ設定値
2   190	00000004  01*(????)		 tp		 dw	 ?	 ;テンポ
2   191	00000006  01*(????)		 rflg		 dw	 ?	 ;BGM ON/OFF
2   192	00000008  01*(????)		 pnum		 dw	 ?	 ;パート数
2   193	0000000A  01*(????)		 pcnt		 dw	 ?	 ;パートカウンタ
2   194	0000000C  01*(????)		 fin		 dw	 ?	 ;パート終了フラグ
2   195	0000000E  01*(????)		 repsw		 dw	 ?	 ;リピート ON/OFF
2   196					 ; ↑'rep'より変更
2   197	00000010  01*(????)		 tcnt		 dw	 ?	 ;処理カウンタ(4回に 1回処理)
2   198	00000012  01*(????)		 bufsiz		 dw	 ?	 ;楽譜バッファのサイズ
2   199	00000014  01*(????)		 buflast	 dw	 ?	 ;楽譜バッファのラスト
2   200	00000016  01*(????)		 mnum		 dw	 ?	 ;登録曲数
2   201	00000018  01*(????)		 mcnt		 dw	 ?	 ;セレクト中曲番号
2   202	0000001A  01*(10*(????))	 track		 dw	 MMAX dup(?)	 ;曲のトラックナンバー
2   203	0000003A  01*(????)		 pmask		 dw	 ?	 ;パートマスク情報
2   204					 ; ↑'mask'より変更
2   205	0000003C  01*(10*(????))	 mtp		 dw	 MMAX dup(?)	 ;曲ごとのテンポ情報
2   206	0000005C  01*(????)		 effect		 dw	 ?	 ;効果音 ON/OFF
2   207	0000005E  01*(????)		 snum		 dw	 ?	 ;登録効果音数
2   208	00000060  01*(????)		 scnt		 dw	 ?	 ;セレクト中効果音番号
2   209	00000062  01*(????)		 music		 dw	 ?	 ;演奏処理 ON/OFF
2   210	00000064  01*(????)		 sound		 dw	 ?	 ;効果音処理 ON/OFF
2   211	00000066  01*(????)		 init		 dw	 ?	 ;イニシャライズ実行フラグ
2   212	00000068  01*(????????)		 clockbase	 dd	 ?	 ;tempo120時のタイマカウント
2   213	0000006C			 SGLB		 ends
2   214
2   215					 ;
2   216					 ;パート構造体
2   217					 ;
2   218	00000000			 SPART struc
2   219	00000000  01*(????????)		 pptr		 dd	 ?	 ;楽譜バッファポインタ
2   220					 ; ↑'ptr'より変更
2   221	00000004  01*(????????)		 mbuf		 dd	 ?	 ;楽譜バッファ
2   222	00000008  01*(????)		 note		 dw	 ?	 ;現在の音符
2   223	0000000A  01*(????)		 oct		 dw	 ?	 ;現在のオクターブ
2   224	0000000C  01*(????)		 len		 dw	 ?	 ;現在の音長
2   225	0000000E  01*(????)		 dflen		 dw	 ?	 ;デフォルトの音長
2   226	00000010  01*(????)		 lcnt		 dw	 ?	 ;音長カウンタ
2   227	00000012  01*(????)		 msk		 dw	 ?	 ;パートマスク ON/OFF
2   228					 ; ↑'mask'より変更
Turbo Assembler	 Version 5.3	    09-05-26 02:41:13	    Page 5
th02_main.asm



2   229	00000014  01*(????)		 tnt		 dw	 ?	 ;テヌート ON/OFF
2   230	00000016			 SPART ends
2   231
2   232					 ;
2   233					 ;効果音構造体
2   234					 ;
2   235	00000000			 SESOUND struc
2   236	00000000  01*(????????)		 sptr		 dd	 ?	 ;効果音データポインタ
2   237	00000004  01*(????????)		 sbuf		 dd	 ?	 ;効果音データバッファ
2   238	00000008			 SESOUND ends
2   239
1   240					 include libs/master.lib/pf.inc
2   241					 ;BFILE構造体
2   242	00000000			 BFILE		 struc
2   243	00000000  01*(????)			 b_hdl	 dw	 ?	 ; int		 ファイルハンドル
2   244	00000002  01*(????)			 b_left	 dw	 ?	 ; unsigned	 バッファ中の残りデータ数
2   245	00000004  01*(????)			 b_pos	 dw	 ?	 ; unsigned	 現在のバッファ上ポインタ
2   246	00000006  01*(????)			 b_siz	 dw	 ?	 ; unsigned	 バッファサイズ
2   247	00000008  01*(??)			 b_buff	 db	 ?	 ; unsigned char[1] 一括読み込み用バッファ
2   248	00000009			 BFILE		 ends
2   249
2   250
2   251					 ;	 エラー番号
2   252					 ;	 pferr	 enum	 {		 ; エラー情報
2   253		  =0000				 PFEZERO = 0		 ; 0 初期値
2   254		  =0001				 PFENOTOPEN = 1		 ; 1 ファイルをオープンできない
2   255		  =0002				 PFENOTFOUND= 2		 ; 2 ファイルがパックファイル中にない
2   256		  =0003				 PFENOMEM = 3		 ; 3 メモリを確保できない
2   257		  =0004				 PFERESERVE0 = 4	 ; 4 予約
2   258		  =0005				 PFEUNKNOWN = 5		 ; 5 圧縮タイプが不正
2   259		  =0006				 PFEILPFILE = 6		 ; 6 パックファイルがpar形式でない
2   260		  =0007				 PFEILEXE = 7		 ; 7 EXEファイルが不正
2   261		  =00FF				 PFEINTERNAL = 0ffh	 ; 255 内部エラー
2   262					 ;	 }
2   263
2   264					 ; バッファサイズデフォルト値
2   265		  =0200				 BBUFSIZE equ	 512
2   266
2   267		  =000D				 CR	 equ	 0dh
2   268		  =000A				 LF	 equ	 0ah
2   269		  =-0001			 EOF	 equ	 -1
2   270
2   271					 ;	 各種マクロ
2   272
2   273						 clr	 macro	 reg
2   274							 xor	 reg, reg
2   275							 endm
2   276
2   277						 chk	 macro	 reg
2   278							 or	 reg, reg
2   279							 endm
2   280
2   281					 ;----------------------------------------------------------------------------
2   282					 ;	 for MS-DOS function call
2   283					 ;----------------------------------------------------------------------------
2   284
2   285					 msdos	 macro	 req, param	 ; call	msdos function
Turbo Assembler	 Version 5.3	    09-05-26 02:41:13	    Page 6
th02_main.asm



2   286						 ifnb	 <param>
2   287							 mov	 ax, req * 256 + param
2   288						 else
2   289							 mov	 ah, req
2   290						 endif
2   291							 int	 21h
2   292						 endm
2   293
2   294		  =0002			 DisplayChar		 equ	 02h	 ; 文字のスクリーン出力
2   295		  =0009			 DisplayString		 equ	 09h	 ; ストリングのスクリーン出力
2   296		  =0025			 SetInterruptVector	 equ	 25h	 ; 割り込みベクタのセット
2   297		  =002A			 GetDate		 equ	 2ah	 ; 日付を得る
2   298		  =0031			 KeepProcess		 equ	 31h	 ; キーププロセス
2   299		  =0035			 GetInterruptVector	 equ	 35h	 ; 割り込みベクタを得る
2   300		  =0037			 GetSetSwitch		 equ	 37h	 ; スイッチキャラクタを得る/セットす
    301					 る
2   302		  =003C			 CreateHandle		 equ	 3ch	 ; ハンドルの作成
2   303		  =003D			 OpenHandle		 equ	 3dh	 ; ハンドルのオープン
2   304		  =003E			 CloseHandle		 equ	 3eh	 ; ハンドルのクローズ
2   305		  =003F			 ReadHandle		 equ	 3fh	 ; リードハンドル
2   306		  =0040			 WriteHandle		 equ	 40h	 ; ライトハンドル
2   307		  =0042			 MoveFilePointer	 equ	 42h	 ; ファイルポインタの移動
2   308		  =0044			 IOCTL			 equ	 44h	 ; IOCTL
2   309		  =0045			 DuplicateFileHandle	 equ	 45h	 ; ファイルハンドルの二重化
2   310		  =0046			 ForceDuplicateFileHandle equ	 46h	 ; ファイルハンドルの強制二重化
2   311		  =0048			 AllocateMemory		 equ	 48h	 ; メモリの割り当て
2   312		  =0049			 FreeMemory		 equ	 49h	 ; 割り当てられたメモリの解放
2   313		  =004A			 SetBlock		 equ	 4ah	 ;						    +
    314					 割り当てられたメモリブロックの変更
2   315		  =004C			 EndProcess		 equ	 4ch	 ; プロセスの終了
2   316		  =0050			 SetPSP			 equ	 50h	 ; PSPアドレスのセット
2   317		  =0052			 GetDOSarea		 equ	 52h	 ; 内部変数領域のアドレスの取得
2   318		  =0055			 CopyPSP		 equ	 55h	 ; PSPの複写
2   319		  =0057			 GetSetDateTimeofFile	 equ	 57h	 ;						    +
    320					 ファイルの日付/時刻を得る/セットする
2   321		  =005C			 LockUnlock		 equ	 5ch	 ; ファイルアクセスのロック/アンロッ
    322					 ク
2   323		  =0062			 GetPSP			 equ	 62h	 ; PSPを取得
2   324
2   325
2   326					 ;	 PFILE構造体
2   327
2   328	00000000			 PFILE		 struc
2   329	00000000  01*(????)			 pf_bf	 dw	 ?	 ; BFILE構造体のセグメント
2   330	00000002  01*(????)			 pf_getc dw	 ?	 ; int (near *)(pf_t) pfgetc()用関数
2   331	00000004  01*(????)			 pf_getx dw	 ?	 ; int (near *)(pf_t) getc関数
2   332	00000006  01*(????????)			 pf_size dd	 ?	 ; unsigned long	 パックサイズ
2   333	0000000A  01*(????????)			 pf_read dd	 ?	 ; unsigned long	 読込んだバイト数(物理)
2   334	0000000E  01*(????????)			 pf_home dd	 ?	 ; unsigned long	 ファイル先頭
2   335	00000012  01*(????????)			 pf_loc	 dd	 ?	 ; unsigned long	 ロケーション(論理)
2   336	00000016  01*(????????)			 pf_osize dd	 ?	 ; unsigned long	 オリジナルサイズ
2   337					 ;	 pf_time dd	 ?	 ; unsigned long	 タイムスタンプ ※
2   338	0000001A  01*(????)			 pf_cnt	 dw	 ?	 ; int			 展開用ワーク
2   339	0000001C  01*(????)			 pf_ch	 dw	 ?	 ; int			 〃
2   340	0000001E  01*(??)			 pf_key	 db	 ?	 ; unsigned char	 復号化用ワーク
2   341									 ;			 ※→未使用
2   342	0000001F			 PFILE		 ends
Turbo Assembler	 Version 5.3	    09-05-26 02:41:13	    Page 7
th02_main.asm



2   343
1   344					 include libs/master.lib/clip.inc
2   345					 ; clip.inc
2   346					 ; 92/6/19
2   347					 ; A.Koizuka
2   348
2   349						 ; アウトコード
2   350		  =0001			 LEFT_OUT	 EQU	 0001b
2   351		  =0002			 RIGHT_OUT	 EQU	 0010b
2   352		  =0003			 YOKO_OUT	 EQU	 0011b
2   353		  =0004			 BOTTOM_OUT	 EQU	 0100b
2   354		  =0008			 TOP_OUT	 EQU	 1000b
2   355		  =000C			 TATE_OUT	 EQU	 1100b
2   356
Turbo Assembler	 Version 5.3	    09-05-26 02:41:13	    Page 8
Symbol Table




Symbol Name			  Type	 Value

??0000				  Near16 _TEXT:0E5A
??0001				  Near16 _TEXT:0E68
??0002				  Near16 _TEXT:0E78
??0003				  Near16 _TEXT:0E86
??0004				  Near16 _TEXT:1670
??0005				  Near16 _TEXT:1664
??0006				  Near16 _TEXT:16B0
??0007				  Near16 _TEXT:16A6
??0008				  Near16 _TEXT:16D8
??0009				  Near16 _TEXT:16FA
??000A				  Near16 _TEXT:1720
??000B				  Near16 _TEXT:1716
??000C				  Near16 _TEXT:1760
??000D				  Near16 _TEXT:1756
??000E				  Near16 _TEXT:178A
??000F				  Near16 _TEXT:17E6
??0010				  Near16 _TEXT:17DA
??0011				  Near16 _TEXT:1876
??0012				  Near16 _TEXT:1882
??0013				  Near16 _TEXT:189A
??0014				  Near16 _TEXT:18AC
??0015				  Near16 _TEXT:18C8
??0016				  Near16 _TEXT:18E0
??0017				  Near16 _TEXT:1902
??0018				  Near16 _TEXT:1910
??0019				  Near16 _TEXT:1926
??001A				  Near16 _TEXT:198A
??001B				  Near16 _TEXT:1980
??001C				  Near16 _TEXT:19AC
??001D				  Near16 _TEXT:19A2
??001E				  Near16 _TEXT:19D0
??001F				  Near16 _TEXT:19C6
??0020				  Near16 _TEXT:1A0E
??0021				  Near16 _TEXT:1A02
??0022				  Near16 _TEXT:1A5E
??DATE				  Text	 "09-05-26"
??FILENAME			  Text	 "th02_main"
??TIME				  Text	 "02:41:13"
??VERSION			  Number 0503
@32BIT				  Text	 0
@@A				  Near16 _TEXT:0CBE
@@ABSOLUTE_ADR			  Near16 _TEXT:03E8
@@ADDRESS			  Number 0006
@@ADD_DI1			  Number _TEXT:2A79
@@ADD_DI2			  Number _TEXT:2ACB
@@ADD_DI3			  Number _TEXT:2B30
@@ADD_DI4			  Number _TEXT:2B85
@@ADR1				  Number 0008
@@ADR2				  Number 0006
@@ANDLOOP			  Near16 _TEXT:35FA
@@ANGLE				  Number 0004
@@ANGLE				  Number -0005
@@ANGLE				  Number -0005
@@ANGLE				  Number -0005
@@ANGLE				  Number -0004
@@ANGLE				  Number -0001
@@ANGLE				  Number -0003
@@ANGLE				  Number -0004
@@ANGLE				  Number -0009
@@ANGLE				  Number -0001
@@ANGLE				  Number 0004
@@ANGLE				  Number -0003
@@ANGLE				  Number -0003
@@ANGLE				  Number -0005
@@ANGLE				  Number -000F
@@ANGLE				  Number -0001
@@ANGLE				  Number -0003
@@ANGLE				  Number -000B
@@ANGLE				  Number -0003
@@ANGLE				  Number -0003
@@ANGLE				  Number -0005
@@ANGLE				  Number -0001
@@ANGLE_1			  Number -0001
@@ANGLE_2			  Number -0002
@@ANK_OR_RIGHT			  Near16 _TEXT:244C
@@ANK_OR_RIGHT			  Near16 _TEXT:24B1
@@ATRB				  Number 0004
@@ATRB				  Number 0004
@@ATRB				  Number 0004
@@ATRB				  Number 0004
@@B				  Near16 _TEXT:0CF4
@@BF				  Number 0006
@@BFNTHEADER			  Number 0004
@@BFNTHEADER			  Number 0006
@@BINARY_FN			  Number 0006
@@BITLOOP			  Near16 _TEXT:35F6
@@BOTTOM_CLIPPED		  Near16 _TEXT:31AD
@@BSIZE				  Number 0006
@@BUF				  Number 000A
@@BUF				  Number 0008
Turbo Assembler	 Version 5.3	    09-05-26 02:41:13	    Page 9
Symbol Table



@@BUF				  Number 0008
@@BUFPTR			  Number 0006
@@BYTEALIGNED			  Near16 MAIN_01:003B
@@BYTEALIGNED_MORE?		  Near16 MAIN_01:0049
@@B_END				  Near16 _TEXT:10F1
@@CFG_LOAD_IS_1			  Near16 MAIN_01:001A
@@CHR				  Number 0006
@@CHR				  Number 0006
@@CLEAR				  Near16 _TEXT:01EC
@@CLEAR_COLOR			  Number 0006
@@COLOR				  Word	 _TEXT:00FB
@@COLOR				  Number 0004
@@COLORLOOP			  Near16 _TEXT:35DB
@@COMPONENT			  Number -0002
@@COUNT1			  Number _TEXT:2A7B
@@COUNT2			  Number _TEXT:2ACD
@@COUNT3			  Number _TEXT:2B32
@@COUNT4			  Number _TEXT:2B87
@@CUTAE				  Near16 _TEXT:040F
@@CUTAR				  Near16 _TEXT:040C
@@CUTBE				  Near16 _TEXT:0442
@@CUTBE1			  Near16 _TEXT:0462
@@CUTIN				  Near16 _TEXT:0432
@@CUTRET			  Near16 _TEXT:0434
@@CUTTATE			  Near16 _TEXT:0438
@@CX_TMP			  Text	 bx
@@C_LOOP			  Near16 _TEXT:2CFF
@@DAMAGE			  Number -0002
@@DAMAGE			  Number -0002
@@DAMAGE			  Number -0002
@@DAMAGE			  Number -0004
@@DAME				  Near16 _TEXT:1189
@@DIR				  Number 0006
@@DIRECT			  Near16 _TEXT:06AE
@@DIRECT			  Near16 _TEXT:07E0
@@DONE				  Near16 _TEXT:0808
@@DRAW_SHIFT_LOOP		  Near16 _TEXT:3232
@@DRAW_SHIFT_LOW		  Near16 _TEXT:3235
@@DRAW_START			  Near16 _TEXT:0E9E
@@EAEL				  Near16 _TEXT:0972
@@EAOL				  Near16 _TEXT:097E
@@EOF				  Near16 _TEXT:06CD
@@ERROR				  Near16 _TEXT:2C84
@@ERROR				  Near16 _TEXT:010C
@@ERROR				  Near16 _TEXT:0D38
@@ERROR				  Near16 _TEXT:05C3
@@ERROR				  Near16 _TEXT:13F4
@@ERROR				  Near16 _TEXT:074B
@@EVEN_ADDRESS			  Near16 _TEXT:2A33
@@EVEN_ADDRESS			  Near16 _TEXT:2D87
@@EVEN_ADDRESS			  Near16 _TEXT:2F2D
@@EVEN_ADDRESS			  Near16 _TEXT:3323
@@EVEN_COLOR_LOOP		  Near16 _TEXT:34DE
@@EVEN_SIZE2			  Near16 _TEXT:2E22
@@EVEN_YLOOP1			  Near16 _TEXT:3500
@@EVEN_YLOOP2			  Near16 _TEXT:3520
@@EVEN_YLOOP_END		  Near16 _TEXT:3537
@@EXEH				  Number -0006
@@EXIT				  Near16 _TEXT:058E
@@EXIT				  Near16 _TEXT:0715
@@EXIT				  Near16 _TEXT:07FA
@@EXITLOOP			  Near16 _TEXT:122A
@@EXITLOOP			  Near16 _TEXT:06D3
@@EXITLOOP			  Near16 _TEXT:24B7
@@E_IGNORE			  Near16 _TEXT:25C2
@@E_MEMORY			  Near16 _TEXT:1193
@@E_OPEN			  Near16 _TEXT:119B
@@FAILURE			  Near16 _TEXT:28D9
@@FALL				  Near16 _TEXT:01FA
@@FAULT				  Near16 _TEXT:04B4
@@FAULT				  Near16 _TEXT:0767
@@FILE				  Number 0004
@@FILE				  Number 0006
@@FILEHANDLE			  Number 0004
@@FILENAME			  Number 000E
@@FILENAME			  Number 0006
@@FILENAME			  Number 0006
@@FILENAME			  Number 0004
@@FILENAME			  Number 0006
@@FILE_CLOSE			  Near16 _TEXT:1944
@@FILE_HANDLE			  Word	 _TEXT:007B
@@FILE_NAME			  Number 0006
@@FILE_OK			  Near16 _TEXT:0262
@@FIRST_BYTE_SHR		  Text	 dl
@@FRAME				  Number 0004
@@F_IGNORE			  Near16 _TEXT:05FC
@@F_READ			  Near16 _TEXT:05D0
@@GAME_INIT_MAIN_IS_0		  Near16 MAIN_01:001F
@@GLOOP				  Near16 _TEXT:124A
@@GLOOP				  Near16 _TEXT:12B6
@@GO				  Near16 _TEXT:1053
@@GROUP				  Number -0003
@@GROUP				  Number -0001
Turbo Assembler	 Version 5.3	    09-05-26 02:41:13	    Page 10
Symbol Table



@@GROUP				  Number -0001
@@HANDLE			  Number 000C
@@HANDLE			  Number 0008
@@HANDLE			  Number 000A
@@HANDLE			  Number 000A
@@HANDLE			  Number 000A
@@HANDLE			  Number 0004
@@HEADER			  Number 0008
@@HEADER			  Number 0006
@@HEADER			  Number 0006
@@HEADER			  Number 000A
@@HEADER			  Number 000E
@@HEADER			  Number -0020
@@HEADER			  Number 000A
@@HLINE_DRAW			  Near16 _TEXT:0F9A
@@HL_LAST			  Near16 _TEXT:0FBC
@@I				  Number 0004
@@I				  Number 0004
@@I				  Number 0004
@@I				  Number 0004
@@I				  Number 0004
@@I				  Number 0004
@@IGNORE			  Near16 _TEXT:060C
@@ILLEGAL			  Near16 _TEXT:019B
@@IMAGE				  Number 0006
@@IMAGE_OFFSET			  Number 0006
@@IMAGE_SEGMENT			  Number 0008
@@INT_WAIT			  Near16 _TEXT:25E3
@@INVALID			  Near16 _TEXT:0197
@@INVALID			  Near16 _TEXT:028C
@@JIS				  Near16 _TEXT:2440
@@J_END				  Near16 _TEXT:32DC
@@J_NOSHIFT			  Near16 _TEXT:32BC
@@J_SHIFT			  Near16 _TEXT:32C4
@@KANJI				  Near16 _TEXT:242F
@@KANJI				  Near16 _TEXT:249A
@@KEYGROUP			  Number 0004
@@L				  Near16 _TEXT:10AE
@@L1				  Near16 _TEXT:085B
@@L100				  Near16 _TEXT:1C42
@@L150				  Near16 _TEXT:1C46
@@L2				  Near16 _TEXT:0884
@@L200				  Near16 _TEXT:1C5A
@@L300				  Near16 _TEXT:1C65
@@L400				  Near16 _TEXT:1C6B
@@LAST				  Near16 _TEXT:0E1F
@@LEFT				  Number 0008
@@LEFT				  Number -0002
@@LEFT				  Number -0002
@@LEFT				  Number -0004
@@LEFT				  Number -0002
@@LEFT				  Number 000A
@@LEFT				  Number -0004
@@LEFT				  Number -0002
@@LEFT_CLIPPED			  Near16 _TEXT:3191
@@LEN				  Number 0006
@@LINE				  Number 0006
@@LINE1				  Number 000A
@@LINEPAT			  Number 0008
@@LOC				  Number 0006
@@LOOP				  Near16 MAIN_01:10F3
@@LOOPCHECK			  Near16 _TEXT:0C0A
@@LOOPCHECK			  Near16 _TEXT:0ADA
@@LOOPEND			  Near16 _TEXT:06A3
@@LOOPEND			  Near16 _TEXT:07D6
@@LOOPSTART			  Near16 _TEXT:0C0F
@@LOOPTOP			  Near16 _TEXT:0AC0
@@LOOPTOP			  Near16 _TEXT:0BFE
@@LOOP_8			  Near16 _TEXT:09C3
@@LOOP_8E			  Near16 _TEXT:0A29
@@MADA_ARU			  Near16 _TEXT:0672
@@MASK				  Number [BP+0004]
@@MAX_OK			  Near16 _TEXT:2CF7
@@MAX_PAT			  Number 0006
@@MIN_PAT			  Number 0008
@@MLOOP				  Near16 _TEXT:25FC
@@MLOOP				  Near16 _TEXT:263C
@@MLOOP				  Near16 _TEXT:02D7
@@MODE				  Number 0006
@@MOD_NO_MANUAL_QUIT		  Near16 MAIN_01:0119
@@NAGAI				  Near16 _TEXT:31DF
@@NANAME1			  Near16 _TEXT:0F18
@@NANAME2			  Near16 _TEXT:0F28
@@NANAMELOOP			  Near16 _TEXT:0F2A
@@NANAMERET			  Near16 _TEXT:0F40
@@NANAME_DRAW			  Near16 _TEXT:0F04
@@NEXTCOLOR			  Near16 _TEXT:3621
@@NEXT_BIT			  Near16 _TEXT:36BD
@@NEXT_BYTE			  Near16 _TEXT:369F
@@NEXT_HEADER			  Near16 _TEXT:01D2
@@NEXT_PATTERN			  Near16 _TEXT:0075
@@NEXT_PATTERN_1		  Near16 _TEXT:0086
@@NEXT_PATTERN_2		  Near16 _TEXT:008D
Turbo Assembler	 Version 5.3	    09-05-26 02:41:13	    Page 11
Symbol Table



@@NEXT_X			  Near16 _TEXT:0098
@@NEXT_Y			  Near16 _TEXT:0096
@@NOCLEAR			  Near16 _TEXT:01E7
@@NOMEM				  Near16 _TEXT:26B9
@@NOMEM				  Near16 _TEXT:2696
@@NOROLL			  Near16 _TEXT:2D7C
@@NOROLL			  Near16 _TEXT:2F19
@@NOSHIFT_1BYTE			  Near16 _TEXT:3291
@@NOTHERE			  Near16 _TEXT:0624
@@NOW_31KHZ			  Near16 _TEXT:24EA
@@NO_EXTHDR			  Near16 _TEXT:2C50
@@NO_PATTERN			  Near16 _TEXT:363D
@@NO_SKIP			  Near16 _TEXT:36DA
@@NO_WORD1			  Near16 _TEXT:2B24
@@NO_WORD1			  Near16 _TEXT:2E58
@@NO_WORD1			  Near16 _TEXT:308A
@@NO_WORD1			  Near16 _TEXT:3448
@@NO_WORD2			  Near16 _TEXT:2B7E
@@NO_WORD2			  Near16 _TEXT:2EAC
@@NO_WORD2			  Near16 _TEXT:30CE
@@NO_WORD2			  Near16 _TEXT:347E
@@NUM				  Number 0008
@@NUM				  Number 000A
@@NUM				  Number 000A
@@NUM				  Number 0004
@@NUM				  Number 0006
@@NUM				  Number 0006
@@NUM				  Number 0004
@@OA				  Near16 _TEXT:098C
@@OAEL				  Near16 _TEXT:0992
@@OAOL				  Near16 _TEXT:09A0
@@ODD_ADDRESS			  Near16 _TEXT:2AD4
@@ODD_ADDRESS			  Near16 _TEXT:2E1C
@@ODD_ADDRESS			  Near16 _TEXT:2F66
@@ODD_ADDRESS			  Near16 _TEXT:3354
@@ODD_COLOR_LOOP		  Near16 _TEXT:3544
@@ODD_SIZE1			  Near16 _TEXT:2A82
@@ODD_SIZE1			  Near16 _TEXT:2DD0
@@ODD_SIZE1			  Near16 _TEXT:2F4C
@@ODD_SIZE1			  Near16 _TEXT:333E
@@ODD_SIZE2			  Near16 _TEXT:2B38
@@ODD_SIZE2			  Near16 _TEXT:2E78
@@ODD_SIZE2			  Near16 _TEXT:2F88
@@ODD_SIZE2			  Near16 _TEXT:3372
@@ODD_YLOOP1			  Near16 _TEXT:3566
@@ODD_YLOOP2			  Near16 _TEXT:3588
@@ODD_YLOOP_END			  Near16 _TEXT:35A1
@@OK				  Near16 _TEXT:1184
@@OWARI				  Near16 _TEXT:0290
@@OWARI				  Near16 _TEXT:118B
@@OWARI				  Near16 _TEXT:13E8
@@OWARI				  Near16 _TEXT:097A
@@PALETTE_END			  Near16 _TEXT:2C64
@@PALLOOP			  Near16 _TEXT:0276
@@PARFILE			  Number 0006
@@PARFILE			  Number 0008
@@PARFILE			  Number 000A
@@PATNUM			  Number 0006
@@PATNUM			  Number -0002
@@PATNUM			  Number -0006
@@PATNUM			  Number -0004
@@PATNUM			  Number -0004
@@PATNUM			  Number -0004
@@PATNUM			  Number -0004
@@PATSIZE			  Word	 _TEXT:00F2
@@PATTERNS			  Number 0006
@@PATTERNS			  Number 0008
@@PAT_PLANE			  Number 0008
@@PAT_PLANE			  Number 0008
@@PF				  Number 000C
@@PF				  Number 0006
@@PF				  Number 0006
@@PF				  Number 000A
@@PFGETC1_GETX			  Near16 _TEXT:1DD6
@@PFGETC1_RETURN		  Near16 _TEXT:1E05
@@PFGETC1_RETURN1		  Near16 _TEXT:1E04
@@PFGETX0_EOF			  Near16 _TEXT:1E1F
@@PFGETX0_GETC			  Near16 _TEXT:1E23
@@PFGETX1_RETURN		  Near16 _TEXT:1E56
@@PLANE_END			  Near16 _TEXT:2A1E
@@PLANE_END			  Near16 _TEXT:2D5A
@@PLANE_SEARCH			  Near16 _TEXT:2A19
@@PLANE_SEARCH			  Near16 _TEXT:2D56
@@PLANE_SIZE			  Word	 _TEXT:0090
@@POS				  Number 0008
@@PS1				  Near16 _TEXT:0B30
@@PS2				  Near16 _TEXT:0B35
@@PS3				  Near16 _TEXT:0B54
@@PS4				  Near16 _TEXT:0B5E
@@PS5				  Near16 _TEXT:0B96
@@PS6				  Near16 _TEXT:0B9B
@@PSET				  Near16 _TEXT:0A34
@@PSQ				  Near16 _TEXT:0BBA
Turbo Assembler	 Version 5.3	    09-05-26 02:41:13	    Page 12
Symbol Table



@@PUT_LOOP1			  Near16 _TEXT:2A60
@@PUT_LOOP1			  Near16 _TEXT:2DA0
@@PUT_LOOP1			  Near16 _TEXT:3000
@@PUT_LOOP1			  Near16 _TEXT:33D6
@@PUT_LOOP2			  Near16 _TEXT:2AAC
@@PUT_LOOP2			  Near16 _TEXT:2DE6
@@PUT_LOOP2			  Near16 _TEXT:3034
@@PUT_LOOP2			  Near16 _TEXT:33FE
@@PUT_LOOP3_1			  Near16 _TEXT:2B02
@@PUT_LOOP3_1			  Near16 _TEXT:2E36
@@PUT_LOOP3_1			  Near16 _TEXT:3068
@@PUT_LOOP3_1			  Near16 _TEXT:3426
@@PUT_LOOP3_2			  Near16 _TEXT:2B12
@@PUT_LOOP3_2			  Near16 _TEXT:2E46
@@PUT_LOOP3_2			  Near16 _TEXT:3078
@@PUT_LOOP3_2			  Near16 _TEXT:3436
@@PUT_LOOP4_1			  Near16 _TEXT:2E8A
@@PUT_LOOP4_1			  Near16 _TEXT:30AC
@@PUT_LOOP4_1			  Near16 _TEXT:345C
@@PUT_LOOP4_1			  Near16 _TEXT:2B5C
@@PUT_LOOP4_2			  Near16 _TEXT:2E9A
@@PUT_LOOP4_2			  Near16 _TEXT:30BC
@@PUT_LOOP4_2			  Near16 _TEXT:346C
@@PUT_LOOP4_2			  Near16 _TEXT:2B6C
@@PUT_PLANE			  Number 0006
@@PUT_PLANE			  Number 0006
@@QUIT				  Near16 _TEXT:0161
@@R				  Number 0006
@@R				  Number 0006
@@R				  Number 0006
@@RANK				  Number -0005
@@RANK				  Number -0007
@@READ_BYTE			  Word	 _TEXT:0076
@@RESIDENT_SEG			  Number -0002
@@RET				  Near16 MAIN_01:0070
@@RETURN			  Near16 _TEXT:0E24
@@RETURN			  Near16 _TEXT:1008
@@RETURN			  Near16 _TEXT:0BF6
@@RETURN			  Near16 _TEXT:1C6D
@@RETURN			  Near16 _TEXT:2B8B
@@RETURN			  Near16 _TEXT:2C8C
@@RETURN			  Near16 _TEXT:2D09
@@RETURN			  Near16 _TEXT:2EC8
@@RETURN			  Near16 _TEXT:353E
@@RETURN			  Near16 _TEXT:3641
@@RETURN			  Near16 _TEXT:0128
@@RETURN			  Near16 _TEXT:29C2
@@RETURN			  Near16 _TEXT:01F2
@@RETURN			  Near16 _TEXT:10BC
@@RETURN1			  Near16 _TEXT:0EF1
@@RIGHTCLIPPED			  Near16 _TEXT:1AD3
@@RIGHT_CLIPPED			  Near16 _TEXT:316C
@@RLOOP				  Near16 _TEXT:1294
@@RLOOP				  Near16 _TEXT:063C
@@ROLL1				  Near16 _TEXT:2DC6
@@ROLL1				  Near16 _TEXT:3024
@@ROLL2				  Near16 _TEXT:2E12
@@ROLL2				  Near16 _TEXT:305E
@@ROLL3				  Near16 _TEXT:2E6E
@@ROLL3				  Near16 _TEXT:30A2
@@ROLL4				  Near16 _TEXT:2EBD
@@ROLL4				  Near16 _TEXT:30E0
@@RUNNING			  Near16 _TEXT:25CB
@@R_FAULT			  Near16 _TEXT:110D
@@S				  Number -0002
@@S1				  Near16 _TEXT:10A1
@@S1				  Near16 _TEXT:0928
@@S2				  Near16 _TEXT:10AB
@@S2				  Near16 _TEXT:0944
@@S200				  Near16 _TEXT:0F76
@@S300				  Near16 _TEXT:0F88
@@S350				  Near16 _TEXT:0F8F
@@S400				  Near16 _TEXT:0EAC
@@SECOND_BYTE_SHL		  Text	 dh
@@SHIFT_1BYTE			  Near16 _TEXT:3268
@@SHIFT_2BYTE			  Near16 _TEXT:325B
@@SHIFT_XLOOP			  Near16 _TEXT:324A
@@SHORTBOX			  Near16 _TEXT:0D92
@@SHORTBOX			  Near16 _TEXT:0902
@@SINGLE_CHECK2			  Near16 _TEXT:2AA8
@@SINGLE_CHECK2			  Near16 _TEXT:2DE2
@@SINGLE_CHECK2			  Near16 _TEXT:3030
@@SINGLE_CHECK2			  Near16 _TEXT:33FA
@@SIZ				  Number 0008
@@SKIP				  Near16 _TEXT:0ACE
@@SKIP				  Near16 _TEXT:02EB
@@SKIP				  Near16 _TEXT:0DD6
@@SKIP				  Near16 _TEXT:3702
@@SKIP				  Near16 _TEXT:2D04
@@SKIP				  Near16 _TEXT:243A
@@SKIP				  Near16 _TEXT:24A7
@@SKIP				  Near16 _TEXT:290D
@@SKIP				  Near16 _TEXT:260E
Turbo Assembler	 Version 5.3	    09-05-26 02:41:13	    Page 13
Symbol Table



@@SKIP				  Near16 _TEXT:264E
@@SKIP2				  Near16 _TEXT:2ABE
@@SKIP2				  Near16 _TEXT:2DF8
@@SKIP2				  Near16 _TEXT:3046
@@SKIP2				  Near16 _TEXT:3410
@@SLEEPING			  Near16 _TEXT:25D5
@@SLOOP				  Near16 _TEXT:23AA
@@SLOOP				  Near16 _TEXT:248C
@@SLOOP				  Near16 _TEXT:1216
@@SOME_OUT			  Near16 _TEXT:3144
@@SPEED				  Number -0004
@@SPEED				  Number 0004
@@SPEED				  Number 0004
@@SPEED				  Number -0004
@@SPEED				  Number 0004
@@START				  Near16 _TEXT:3386
@@START				  Near16 _TEXT:2FA0
@@STRP				  Number 0006
@@STRP				  Number 0006
@@SUCCESS			  Near16 _TEXT:28D5
@@S_IGNORE			  Near16 _TEXT:2537
@@TATELOOP			  Near16 _TEXT:0EE8
@@TATE_DRAW			  Near16 _TEXT:0ED4
@@TILE_IMAGE			  Number -0002
@@TMIGI				  Near16 _TEXT:0EF8
@@TOOMANY_COLORS		  Near16 _TEXT:363D
@@TOP				  Number 0008
@@TOP				  Number -0004
@@TOP				  Number 0006
@@TOP				  Number -0002
@@TOP				  Number -0004
@@TOP				  Number -0004
@@TOP_CLIPPED			  Near16 _TEXT:31A2
@@USING_INT			  Near16 _TEXT:25E0
@@VECT				  Number 000A
@@VECTOR_X			  Number -0004
@@VECTOR_X			  Number -0002
@@VECTOR_X			  Number -000A
@@VECTOR_Y			  Number -0006
@@VECTOR_Y			  Number -0004
@@VECTOR_Y			  Number -000C
@@VSYNC_COUNT_END		  Near16 _TEXT:2573
@@VWAIT				  Near16 _TEXT:02E3
@@VWAIT				  Near16 _TEXT:2607
@@VWAIT				  Near16 _TEXT:2647
@@WAITEMPTY			  Near16 _TEXT:1B82
@@WAITEMPTY			  Near16 _TEXT:1BD8
@@WDONE				  Near16 _TEXT:05C9
@@WERROR			  Near16 _TEXT:07F2
@@WLOOP				  Near16 _TEXT:1303
@@WLOOP				  Near16 _TEXT:077C
@@WORD_MASK1			  Number _TEXT:2A66
@@WORD_MASK2			  Number _TEXT:2AB2
@@WORD_MASK3			  Number _TEXT:2B18
@@WORD_MASK4			  Number _TEXT:2B72
@@WSIZE				  Number 0006
@@X				  Number 000A
@@X				  Number -0004
@@X				  Number 0008
@@X				  Number 000A
@@X				  Number 000C
@@X				  Number -0002
@@X				  Number 000A
@@X				  Number 000A
@@X				  Number 000A
@@X				  Number 000C
@@X				  Number 000A
@@X				  Number 0006
@@X				  Number 000A
@@X				  Number 000E
@@X				  Number 000C
@@X				  Number 0006
@@X				  Number 000E
@@X				  Number 000E
@@X				  Number 000A
@@X				  Number 000A
@@X1				  Number -0002
@@XL				  Number 000C
@@XL				  Number 000A
@@XLOOP				  Near16 _TEXT:1AE6
@@XNORMAL			  Near16 _TEXT:1AC4
@@XR				  Number 0008
@@XR				  Number 0008
@@XSIZE				  Number _TEXT:0097
@@Y				  Number 0008
@@Y				  Number 0006
@@Y				  Number 0008
@@Y				  Number 000A
@@Y				  Number -0002
@@Y				  Number 0008
@@Y				  Number -0002
@@Y				  Number 0008
@@Y				  Number 000A
Turbo Assembler	 Version 5.3	    09-05-26 02:41:13	    Page 14
Symbol Table



@@Y				  Number -0006
@@Y				  Number 0008
@@Y				  Number 0006
@@Y				  Number 0004
@@Y				  Number 0008
@@Y				  Number 000C
@@Y				  Number 000A
@@Y				  Number 0008
@@Y				  Number 000C
@@Y				  Number 000C
@@Y				  Number 0008
@@Y				  Number 0008
@@Y1				  Number -0004
@@Y1				  Number 0008
@@Y2				  Number 0006
@@Y2				  Number -0002
@@YB				  Number 0006
@@YLOOP				  Near16 MAIN_01:004D
@@YLOOP				  Near16 _TEXT:0D7C
@@YLOOP				  Near16 _TEXT:08EA
@@YLOOP2			  Near16 _TEXT:0D9A
@@YLOOP2			  Near16 _TEXT:090A
@@YLOOP_MORE?			  Near16 MAIN_01:006D
@@YOKOLOOP			  Near16 _TEXT:0F60
@@YOKO_DRAW			  Near16 _TEXT:0F46
@@YSIZE				  Number _TEXT:0095
@@YT				  Number 000A
@@ZOOM				  Number 0006
@@_CANTOPEN			  Near16 _TEXT:0345
@@_ERROR			  Near16 _TEXT:0248
@@_ERROR			  Near16 _TEXT:034F
@@_FILL				  Near16 _TEXT:02BB
@@_GETC				  Near16 _TEXT:0234
@@_INBUF			  Near16 _TEXT:039E
@@_LOOP				  Near16 _TEXT:1E68
@@_LOOP				  Near16 _TEXT:1ED3
@@_LOOP				  Near16 _TEXT:0366
@@_NEXT				  Near16 _TEXT:1EDF
@@_NOMEM			  Near16 _TEXT:033E
@@_OUTBUF			  Near16 _TEXT:03AE
@@_OVER				  Near16 _TEXT:1EE4
@@_RETURN			  Near16 _TEXT:1E7B
@@_RETURN			  Near16 _TEXT:037B
@BOMB_BFT_8TILES_PUT_8$QIIUC   +  Struct MAIN_01:---- Extern @TYPE_@BOMB_BFT_8TILES_PUT_8$QIIUC
(@BOMB_BFT_8TILES_PUT_8$QIIUC)
@BOMB_CIRCLE_POINT_PUT$QII     +  Struct MAIN_01:---- Extern @TYPE_@BOMB_CIRCLE_POINT_PUT$QII
(@BOMB_CIRCLE_POINT_PUT$QII)
@BOMB_CIRCLE_UPDATE_AND_RENDER$Q  Near16 MAIN_01:0276
V			       +
(@bomb_circle_update_and_render$
qv)
@BOMB_PARTICLE_PUT_8$QIII      +  Struct MAIN_01:---- Extern @TYPE_@BOMB_PARTICLE_PUT_8$QIII
(@BOMB_PARTICLE_PUT_8$QIII)
@BOMB_SMEAR_PUT_8$QII	       +  Struct MAIN_01:---- Extern @TYPE_@BOMB_SMEAR_PUT_8$QII
(@BOMB_SMEAR_PUT_8$QII)
@BOMB_UPDATE_AND_RENDER$QV     +  Struct MAIN_01:---- Extern @TYPE_@BOMB_UPDATE_AND_RENDER$QV
(@bomb_update_and_render$qv)
@BULLETS_ADD_16X16$QIIUC32BULLET  Struct MAIN_03:---- Extern							     +
_GROUP_OR_SPECIAL_MOTION_T13MAIN  @TYPE_@BULLETS_ADD_16X16$QIIUC32BULLET_GROUP_OR_SPECIAL_MOTION_T13MAIN_PATNUM_TI
_PATNUM_TI		       +
(@BULLETS_ADD_16X16$QIIUC32BULLE
T_GROUP_OR_SPECIAL_MOTION_T13MAI
N_PATNUM_TI)
@BULLETS_ADD_PELLET$QIIUCUCI   +  Struct MAIN_03:---- Extern @TYPE_@BULLETS_ADD_PELLET$QIIUCUCI
(@BULLETS_ADD_PELLET$QIIUCUCI)
@BULLETS_AND_SPARKS_INIT$QV    +  Far16	 MAIN_03:---- Extern
(@bullets_and_sparks_init$qv)
@BULLETS_CLEAR$QV	       +  Far16	 MAIN_03:---- Extern
(@bullets_clear$qv)
@BULLETS_INVALIDATE$QV	       +  Far16	 MAIN_03:---- Extern
(@bullets_invalidate$qv)
@BULLETS_SET_STACK_MULTIPLIER$QU  Struct MAIN_03:---- Extern @TYPE_@BULLETS_SET_STACK_MULTIPLIER$QUC
C			       +
(@BULLETS_SET_STACK_MULTIPLIER$Q
UC)
@BULLETS_UPDATE_AND_RENDER$QV  +  Far16	 MAIN_03:---- Extern
(@bullets_update_and_render$qv)
@CODE				  Text	 _TEXT
@CODESIZE			  Text	 1
@CPU				  Text	 0F0FH
@CURSEG				  Text	 _BSS
@DATA				  Text	 DGROUP
@DATASIZE			  Text	 1
@DIALOG_LOAD_AND_INIT$QV       +  Far16	 MAIN_03:---- Extern
(@dialog_load_and_init$qv)
@DIALOG_POST$QV		       +  Struct MAIN_03:---- Extern @TYPE_@DIALOG_POST$QV
(@dialog_post$qv)
@DIALOG_PRE$QV (@dialog_pre$qv)	  Struct MAIN_03:---- Extern @TYPE_@DIALOG_PRE$QV
@DIALOG_SCRIPT_EXTRA_PRE_INTRO_A  Struct MAIN_03:---- Extern @TYPE_@DIALOG_SCRIPT_EXTRA_PRE_INTRO_AN$QV
N$QV			       +
(@dialog_script_extra_pre_intro_
an$qv)
@DIALOG_SCRIPT_GENERIC_PART_ANIM  Struct MAIN_03:---- Extern							     +
Turbo Assembler	 Version 5.3	    09-05-26 02:41:13	    Page 15
Symbol Table



A$Q17DIALOG_SEQUENCE_T	       +  @TYPE_@DIALOG_SCRIPT_GENERIC_PART_ANIMA$Q17DIALOG_SEQUENCE_T
(@DIALOG_SCRIPT_GENERIC_PART_ANI
MA$Q17DIALOG_SEQUENCE_T)
@DIALOG_SCRIPT_STAGE2_PRE_INTRO_  Struct MAIN_03:---- Extern @TYPE_@DIALOG_SCRIPT_STAGE2_PRE_INTRO_A$QV
A$QV			       +
(@dialog_script_stage2_pre_intro
_a$qv)
@DIALOG_SCRIPT_STAGE4_POST_ANIMA  Struct MAIN_03:---- Extern @TYPE_@DIALOG_SCRIPT_STAGE4_POST_ANIMAT$QV
T$QV			       +
(@dialog_script_stage4_post_anim
at$qv)
@DIALOG_SCRIPT_STAGE4_PRE_INTRO_  Struct MAIN_03:---- Extern @TYPE_@DIALOG_SCRIPT_STAGE4_PRE_INTRO_A$QV
A$QV			       +
(@dialog_script_stage4_pre_intro
_a$qv)
@DIALOG_SCRIPT_STAGE4_PRE_MARISA  Struct MAIN_03:---- Extern @TYPE_@DIALOG_SCRIPT_STAGE4_PRE_MARISA_$QV
_$QV			       +
(@dialog_script_stage4_pre_maris
a_$qv)
@DIALOG_SCRIPT_STAGE5_FORM1DEFEA  Struct MAIN_03:---- Extern @TYPE_@DIALOG_SCRIPT_STAGE5_FORM1DEFEAT$QV
T$QV			       +
(@dialog_script_stage5_form1defe
at$qv)
@DIALOG_SCRIPT_STAGE5_POST_ANIMA  Struct MAIN_03:---- Extern @TYPE_@DIALOG_SCRIPT_STAGE5_POST_ANIMAT$QV
T$QV			       +
(@dialog_script_stage5_post_anim
at$qv)
@DIALOG_SCRIPT_STAGE5_PRE_INTRO_  Struct MAIN_03:---- Extern @TYPE_@DIALOG_SCRIPT_STAGE5_PRE_INTRO_A$QV
A$QV			       +
(@dialog_script_stage5_pre_intro
_a$qv)
@DIALOG_SCRIPT_STAGE5_PRE_UNSEAL  Struct MAIN_03:---- Extern @TYPE_@DIALOG_SCRIPT_STAGE5_PRE_UNSEALE$QV
E$QV			       +
(@dialog_script_stage5_pre_unsea
le$qv)
@DIALOG_SCRIPT_STAGE5_PRE_WINGED  Struct MAIN_03:---- Extern @TYPE_@DIALOG_SCRIPT_STAGE5_PRE_WINGED_$QV
_$QV			       +
(@dialog_script_stage5_pre_winge
d_$qv)
@EGC_START_COPY_1$QV	       +  Near16 MAIN_01:0FD3
(@egc_start_copy_1$qv)
@EGC_START_COPY_NOFRAME$QV     +  Far16	 _TEXT:---- Extern
(@egc_start_copy_noframe$qv)
@FILENAME			  Text	 TH02_MAIN
@FPS_COUNTER_UPDATE$QV	       +  Far16	 MAIN_01:---- Extern
(@FPS_COUNTER_UPDATE$QV)
@FRAME_DELAY$QI		       +  Far16	 SHARED:---- Extern
(@FRAME_DELAY$QI)
@GAIJI_FREE$QV (@gaiji_free$qv)	  Struct MAIN_01:---- Extern @TYPE_@GAIJI_FREE$QV
@GAIJI_LOAD$QV (@gaiji_load$qv)	  Struct MAIN_01:---- Extern @TYPE_@GAIJI_LOAD$QV
@GAMEEXECL$QNXC		       +  Far16	 MAIN_01:142F
(@GameExecl$qnxc)
@GAME_EXIT$QV (@game_exit$qv)	  Far16	 SHARED:---- Extern
@GAME_INIT_MAIN$QV	       +  Far16	 SHARED:---- Extern
(@game_init_main$qv)
@HUD_BOMBS_PUT$QV	       +  Struct MAIN_01:---- Extern @TYPE_@HUD_BOMBS_PUT$QV
(@hud_bombs_put$qv)
@HUD_PUT$QV (@hud_put$qv)	  Struct MAIN_01:---- Extern @TYPE_@HUD_PUT$QV
@INPUT_RESET_SENSE$QV	       +  Far16	 SHARED:---- Extern
(@input_reset_sense$qv)
@INTERFACE			  Text	 000H
@ITEMS_ADD$QIII		       +  Far16	 MAIN_01:---- Extern
(@ITEMS_ADD$QIII)
@ITEMS_ADD_SEMIRANDOM$QII      +  Far16	 MAIN_01:---- Extern
(@ITEMS_ADD_SEMIRANDOM$QII)
@ITEMS_INIT_AND_RESET$QV       +  Struct MAIN_01:---- Extern @TYPE_@ITEMS_INIT_AND_RESET$QV
(@items_init_and_reset$qv)
@ITEMS_INVALIDATE$QV	       +  Struct MAIN_01:---- Extern @TYPE_@ITEMS_INVALIDATE$QV
(@items_invalidate$qv)
@ITEMS_UPDATE_AND_RENDER$QV    +  Struct MAIN_01:---- Extern @TYPE_@ITEMS_UPDATE_AND_RENDER$QV
(@items_update_and_render$qv)
@KEY_DELAY$QV (@key_delay$qv)	  Far16	 SHARED:---- Extern
@MAP_LOAD$QNXC (@MAP_LOAD$QNXC)	  Far16	 _TEXT:---- Extern
@MIDBOSS1_INVALIDATE$QV	       +  Far16	 MAIN_03:02D0
(@midboss1_invalidate$qv)
@MIDBOSS1_UPDATE_AND_RENDER$QV +  Far16	 MAIN_03:0453
(@midboss1_update_and_render$qv)
@MIDBOSS2_INVALIDATE$QV	       +  Far16	 MAIN_03:0C54
(@midboss2_invalidate$qv)
@MIDBOSS2_UPDATE_AND_RENDER$QV +  Far16	 MAIN_03:0D94
(@midboss2_update_and_render$qv)
@MIDBOSS3_INVALIDATE$QV	       +  Far16	 MAIN_03:0268
(@midboss3_invalidate$qv)
@MIDBOSS3_UPDATE_AND_RENDER$QV +  Far16	 MAIN_03:0687
(@midboss3_update_and_render$qv)
@MIDBOSS4_INVALIDATE$QV	       +  Far16	 MAIN_03:0540
(@midboss4_invalidate$qv)
@MIDBOSS4_UPDATE_AND_RENDER$QV +  Far16	 MAIN_03:084C
(@midboss4_update_and_render$qv)
@MIDBOSSX_INVALIDATE$QV	       +  Far16	 MAIN_03:1F4C
(@midbossx_invalidate$qv)
@MIDBOSSX_UPDATE_AND_RENDER$QV +  Far16	 MAIN_03:1F56
(@midbossx_update_and_render$qv)
Turbo Assembler	 Version 5.3	    09-05-26 02:41:13	    Page 16
Symbol Table



@MODEL				  Text	 5
@MPN_PUT_8$QIII		       +  Far16	 _TEXT:3726
(@MPN_PUT_8$QIII)
@NULLFUNC_FALSE$QV	       +  Far16	 MAIN_01:0E5E
(@nullfunc_false$qv)
@NULLFUNC_VOID$QV	       +  Far16	 MAIN_01:0E59
(@nullfunc_void$qv)
@OVERLAY_STAGE_ENTER_ANIMATE$QV+  Far16	 MAIN_01:---- Extern
(@overlay_stage_enter_animate$qv
)
@OVERLAY_STAGE_LEAVE_ANIMATE$QV+  Far16	 MAIN_01:---- Extern
(@overlay_stage_leave_animate$qv
)
@OVERLAY_WIPE$QV	       +  Far16	 MAIN_03:---- Extern
(@overlay_wipe$qv)
@PI_LOAD$QINXC (@pi_load$qinxc)	  Far16	 SHARED:---- Extern
@PI_PALETTE_APPLY$QI	       +  Far16	 SHARED:---- Extern
(@pi_palette_apply$qi)
@PI_PUT_8$QIII (@pi_put_8$qiii)	  Far16	 SHARED:---- Extern
@PLAYER_INVALIDATE$QV	       +  Near16 MAIN_01:157B
(@PLAYER_INVALIDATE$QV)
@PLAYER_MOVE$QII	       +  Struct MAIN_01:---- Extern @TYPE_@PLAYER_MOVE$QII
(@PLAYER_MOVE$QII)
@PLAYER_UPDATE_AND_RENDER$QV   +  Struct MAIN_01:---- Extern @TYPE_@PLAYER_UPDATE_AND_RENDER$QV
(@player_update_and_render$qv)
@POINTNUM_PUT$QIII	       +  Near16 MAIN_01:0000
(@POINTNUM_PUT$QIII)
@RANDRING1_NEXT16$QV	       +  Near16 MAIN_01:112D
(@randring1_next16$qv)
@RANDRING1_NEXT8$QV	       +  Near16 MAIN_01:1106
(@randring1_next8$qv)
@RANDRING1_NEXT8_AND$QUC       +  Near16 MAIN_01:1115
(@RANDRING1_NEXT8_AND$QUC)
@RANDRING2_NEXT16$QV	       +  Struct MAIN_03:---- Extern @TYPE_@RANDRING2_NEXT16$QV
(@randring2_next16$qv)
@RANDRING2_NEXT8$QV	       +  Struct MAIN_03:---- Extern @TYPE_@RANDRING2_NEXT8$QV
(@randring2_next8$qv)
@RANDRING2_NEXT8_AND$QUC       +  Struct MAIN_03:---- Extern @TYPE_@RANDRING2_NEXT8_AND$QUC
(@RANDRING2_NEXT8_AND$QUC)
@RANDRING_FILL$QV	       +  Near16 MAIN_01:10ED
(@randring_fill$qv)
@REGIST_MENU$QV		       +  Far16	 MAIN_06:---- Extern
(@regist_menu$qv)
@SCOREDAT_DEFAULTS_SET$QV      +  Far16	 MAIN_06:---- Extern
(@scoredat_defaults_set$qv)
@SCOREDAT_LOAD$QV	       +  Struct MAIN_06:---- Extern @TYPE_@SCOREDAT_LOAD$QV
(@scoredat_load$qv)
@SCOREDAT_SAVE$QV	       +  Far16	 MAIN_06:---- Extern
(@scoredat_save$qv)
@SCORE_DELTA_COMMIT$QV	       +  Far16	 MAIN_01:---- Extern
(@score_delta_commit$qv)
@SCORE_EXTEND_INIT$QV	       +  Struct MAIN_01:---- Extern @TYPE_@SCORE_EXTEND_INIT$QV
(@score_extend_init$qv)
@SCORE_GRANT_CURRENT_DELTA_AS_BO  Far16	 MAIN_01:---- Extern
N$QV			       +
(@score_grant_current_delta_as_b
on$qv)
@SCORE_RESET$QV		       +  Struct MAIN_01:---- Extern @TYPE_@SCORE_RESET$QV
(@score_reset$qv)
@SCORE_UPDATE_AND_RENDER$QV    +  Struct MAIN_01:---- Extern @TYPE_@SCORE_UPDATE_AND_RENDER$QV
(@score_update_and_render$qv)
@SHOTS_UPDATE_AND_RENDER$QV    +  Near16 MAIN_01:0AE2
(@shots_update_and_render$qv)
@SKILL_CALCULATE$QV	       +  Struct MAIN_03:---- Extern @TYPE_@SKILL_CALCULATE$QV
(@skill_calculate$qv)
@SPARKS_ADD$QIUIIII	       +  Far16	 _TEXT:---- Extern
(@SPARKS_ADD$QIUIIII)
@SPARKS_INVALIDATE$QV	       +  Far16	 _TEXT:---- Extern
(@sparks_invalidate$qv)
@SPARKS_UPDATE_AND_RENDER$QV   +  Far16	 _TEXT:---- Extern
(@sparks_update_and_render$qv)
@STACK				  Text	 DGROUP
@STAGE_CLEAR_BONUS_ANIMATE$QV  +  Struct MAIN_03:---- Extern @TYPE_@STAGE_CLEAR_BONUS_ANIMATE$QV
(@stage_clear_bonus_animate$qv)
@STAGE_EXTRA_CLEAR_BONUS_ANIMATE  Struct MAIN_03:---- Extern @TYPE_@STAGE_EXTRA_CLEAR_BONUS_ANIMATE$QV
$QV			       +
(@stage_extra_clear_bonus_animat
e$qv)
@TILES_EGC_RENDER$QV	       +  Far16	 _TEXT:---- Extern
(@tiles_egc_render$qv)
@TILES_FILL_AND_PUT_INITIAL$QV +  Far16	 _TEXT:---- Extern
(@tiles_fill_and_put_initial$qv)
@TILES_INVALIDATE_RECT$QIIII   +  Far16	 _TEXT:---- Extern
(@TILES_INVALIDATE_RECT$QIIII)
@TILES_RENDER_ALL$QV	       +  Far16	 _TEXT:---- Extern
(@tiles_render_all$qv)
@TILES_SCROLL_AND_EGC_RENDER_BOT  Far16	 _TEXT:---- Extern
H$QI			       +
(@TILES_SCROLL_AND_EGC_RENDER_BO
TH$QI)
@TILES_STUFF_RESET$QV	       +  Far16	 _TEXT:---- Extern
(@tiles_stuff_reset$qv)
@TILE_AREA_INIT_AND_PUT_BOTH$QV+  Far16	 _TEXT:---- Extern
Turbo Assembler	 Version 5.3	    09-05-26 02:41:13	    Page 17
Symbol Table



(@tile_area_init_and_put_both$qv
)
@TILE_EGC_ROLL_COPY_8$QIII     +  Far16	 _TEXT:---- Extern
(@TILE_EGC_ROLL_COPY_8$QIII)
@TILE_RING_SET_AND_PUT_BOTH_8$QI  Far16	 _TEXT:---- Extern
II			       +
(@TILE_RING_SET_AND_PUT_BOTH_8$Q
III)
@TYPE_@BOMB_BFT_8TILES_PUT_8$QII  Proctyp
UC
@TYPE_@BOMB_CIRCLE_POINT_PUT$QII  Proctyp
@TYPE_@BOMB_PARTICLE_PUT_8$QIII	  Proctyp
@TYPE_@BOMB_SMEAR_PUT_8$QII	  Proctyp
@TYPE_@BOMB_UPDATE_AND_RENDER$QV  Proctyp
@TYPE_@BULLETS_ADD_16X16$QIIUC32  Proctyp
BULLET_GROUP_OR_SPECIAL_MOTION_T
13MAIN_PATNUM_TI
@TYPE_@BULLETS_ADD_PELLET$QIIUCU  Proctyp
CI
@TYPE_@BULLETS_SET_STACK_MULTIPL  Proctyp
IER$QUC
@TYPE_@DIALOG_POST$QV		  Proctyp
@TYPE_@DIALOG_PRE$QV		  Proctyp
@TYPE_@DIALOG_SCRIPT_EXTRA_PRE_I  Proctyp
NTRO_AN$QV
@TYPE_@DIALOG_SCRIPT_GENERIC_PAR  Proctyp
T_ANIMA$Q17DIALOG_SEQUENCE_T
@TYPE_@DIALOG_SCRIPT_STAGE2_PRE_  Proctyp
INTRO_A$QV
@TYPE_@DIALOG_SCRIPT_STAGE4_POST  Proctyp
_ANIMAT$QV
@TYPE_@DIALOG_SCRIPT_STAGE4_PRE_  Proctyp
INTRO_A$QV
@TYPE_@DIALOG_SCRIPT_STAGE4_PRE_  Proctyp
MARISA_$QV
@TYPE_@DIALOG_SCRIPT_STAGE5_FORM  Proctyp
1DEFEAT$QV
@TYPE_@DIALOG_SCRIPT_STAGE5_POST  Proctyp
_ANIMAT$QV
@TYPE_@DIALOG_SCRIPT_STAGE5_PRE_  Proctyp
INTRO_A$QV
@TYPE_@DIALOG_SCRIPT_STAGE5_PRE_  Proctyp
UNSEALE$QV
@TYPE_@DIALOG_SCRIPT_STAGE5_PRE_  Proctyp
WINGED_$QV
@TYPE_@GAIJI_FREE$QV		  Proctyp
@TYPE_@GAIJI_LOAD$QV		  Proctyp
@TYPE_@HUD_BOMBS_PUT$QV		  Proctyp
@TYPE_@HUD_LIVES_PUT$QV		  Proctyp
@TYPE_@HUD_PUT$QV		  Proctyp
@TYPE_@ITEMS_INIT_AND_RESET$QV	  Proctyp
@TYPE_@ITEMS_INVALIDATE$QV	  Proctyp
@TYPE_@ITEMS_UPDATE_AND_RENDER$Q  Proctyp
V
@TYPE_@PLAYER_MOVE$QII		  Proctyp
@TYPE_@PLAYER_UPDATE_AND_RENDER$  Proctyp
QV
@TYPE_@POINTNUMS_INIT_FOR_RANK_A  Proctyp
ND_RESE$QV
@TYPE_@POINTNUMS_INVALIDATE$QV	  Proctyp
@TYPE_@POINTNUMS_UPDATE_AND_REND  Proctyp
ER$QV
@TYPE_@RANDRING2_NEXT16$QV	  Proctyp
@TYPE_@RANDRING2_NEXT8$QV	  Proctyp
@TYPE_@RANDRING2_NEXT8_AND$QUC	  Proctyp
@TYPE_@SCOREDAT_LOAD$QV		  Proctyp
@TYPE_@SCORE_EXTEND_INIT$QV	  Proctyp
@TYPE_@SCORE_RESET$QV		  Proctyp
@TYPE_@SCORE_UPDATE_AND_RENDER$Q  Proctyp
V
@TYPE_@SKILL_CALCULATE$QV	  Proctyp
@TYPE_@STAGE_CLEAR_BONUS_ANIMATE  Proctyp
$QV
@TYPE_@STAGE_EXTRA_CLEAR_BONUS_A  Proctyp
NIMATE$QV
@VECTOR2$QMIT1UCI	       +  Far16	 SHARED:---- Extern
(@VECTOR2$QMIT1UCI)
@VECTOR2_BETWEEN_PLUS$QIIIIUCMIT  Far16	 SHARED:---- Extern
6I			       +
(@VECTOR2_BETWEEN_PLUS$QIIIIUCMI
T6I)
@WORDSIZE			  Text	 2
@ZUN_ERROR$Q11ZUN_ERROR_T      +  Far16	 SHARED:---- Extern
(@ZUN_ERROR$Q11ZUN_ERROR_T)
AB@B@VVVBAVTVVV			  Byte	 DGROUP:02E0
ABBT				  Byte	 DGROUP:0281
ABMT				  Byte	 DGROUP:027D
ABOMB1_BFT			  Byte	 DGROUP:0BD5
ABOMB1_PI			  Byte	 DGROUP:0BBA
ABOMB2_PI			  Byte	 DGROUP:0BCC
ABOMB3_PI			  Byte	 DGROUP:0BC3
ABOMBS_BFT			  Byte	 DGROUP:0BB0
ABOSS1_M			  Byte	 DGROUP:129A
Turbo Assembler	 Version 5.3	    09-05-26 02:41:13	    Page 18
Symbol Table



ABOSS2_M			  Byte	 DGROUP:1041
ABOSS3_M			  Byte	 DGROUP:13C9
ABOSS4_M			  Byte	 DGROUP:12AC
ABOSS5_M			  Byte	 DGROUP:1342
ADDING				  Near16 _TEXT:2BF1
ADD_DI1				  Number _TEXT:33EF
ADD_DI2				  Number _TEXT:341D
ADD_DI3				  Number _TEXT:3454
ADD_DI4				  Number _TEXT:3485
ADEMO1_REC			  Byte	 DGROUP:0328
ADEMO2_REC			  Byte	 DGROUP:0332
ADEMO3_REC			  Byte	 DGROUP:033C
AEMPTY				  Byte	 DGROUP:02F7
AEXTRA_TITLE			  Byte	 DGROUP:022F
AEYE_PI				  Byte	 DGROUP:0257
AFW_0				  Byte	 DGROUP:1276
AFW_1				  Byte	 DGROUP:1279
AFW_2				  Byte	 DGROUP:127C
AFW_3				  Byte	 DGROUP:127F
AFW_4				  Byte	 DGROUP:1282
AFW_5				  Byte	 DGROUP:1285
AFW_6				  Byte	 DGROUP:1288
AFW_7				  Byte	 DGROUP:128B
AFW_8				  Byte	 DGROUP:128E
AFW_9				  Byte	 DGROUP:1291
AGQBGANKJ			  Byte	 DGROUP:02A7
AGQBGAPIC			  Byte	 DGROUP:029C
AHUUHI_DAT			  Byte	 DGROUP:130B
AHUUMA_CFG			  Byte	 DGROUP:0866
AHUUMA_EFC			  Byte	 DGROUP:024D
ALINE_BLANK			  Byte	 DGROUP:1246
ALLOCATEMEMORY			  Number 0048
ALLOC_CENTER			  Near16 _TEXT:2771
ALL_ALLOC			  Near16 _TEXT:26F7
ALL_PART			  Number 0007
AM				  Byte	 DGROUP:028D
AMAINE				  Byte	 DGROUP:134A
AMAINE_0			  Byte	 DGROUP:137F
AMAP				  Byte	 DGROUP:0285
AMIKO16_BFT			  Byte	 DGROUP:0272
AMIKO32_BFT			  Byte	 DGROUP:0267
AMIKO_BFT			  Byte	 DGROUP:025E
AMIKO_K_MPN			  Byte	 DGROUP:0291
AMIMA1_BFT			  Byte	 DGROUP:1361
AMIMA2_BFT			  Byte	 DGROUP:1385
AMIMA_BFT			  Byte	 DGROUP:1358
AMIMA_BFT_0			  Byte	 DGROUP:13A6
AMIMA_M				  Byte	 DGROUP:1378
AMPN				  Byte	 DGROUP:0289
ANGLE_1E510			  Byte	 DGROUP:0A10
ANGLE_1EB28			  Byte	 DGROUP:1028
ANGLE_22FAF			  Byte	 DGROUP:3B49
ANGLE_22FB0			  Byte	 DGROUP:3B4A
ANGLE_22FB1			  Byte	 DGROUP:3B4B
ANGLE_250DE			  Byte	 DGROUP:5C78
ANGLE_2559E			  Byte	 DGROUP:6138
ANGLE_255B1			  Byte	 DGROUP:614B
ANGLE_26CD2			  Byte	 DGROUP:786C
ANGLE_26CDA			  Byte	 DGROUP:7874
ANGLE_26CDC			  Byte	 DGROUP:7876
ANGLE_26CE2			  Byte	 DGROUP:787C
ANGLE_26CE4			  Byte	 DGROUP:787E
ANGLE_26CEC			  Byte	 DGROUP:7886
ANGLE_26CED			  Byte	 DGROUP:7887
ANGLE_26CEE			  Byte	 DGROUP:7888
ANGLE_26D7F			  Byte	 DGROUP:7919
ANGLE_26D80			  Byte	 DGROUP:791A
ANGLE_26D86			  Byte	 DGROUP:7920
ANGLE_26D87			  Byte	 DGROUP:7921
ANGLE_26D88			  Byte	 DGROUP:7922
APAGE				  Number 00A6
ARG0				  Byte	 DGROUP:024A
ARG_0				  Number 0006
ARG_2				  Number 0008
ARG_4				  Number 000A
ARG_6				  Number 000C
ARG_8				  Number 000C
ARG_A				  Number 000E
ASC_1E47E			  Byte	 DGROUP:097E
ASC_1E6DF			  Byte	 DGROUP:0BDF
ASSIGNALL			  Far16	 _TEXT:232C
ASTAGE1_TITLE			  Byte	 DGROUP:01B4
ASTAGE2_TITLE			  Byte	 DGROUP:01C9
ASTAGE3_B_BFT			  Byte	 DGROUP:13AF
ASTAGE3_B_BTT			  Byte	 DGROUP:136B
ASTAGE3_B_BTT_0			  Byte	 DGROUP:13BC
ASTAGE3_TITLE			  Byte	 DGROUP:01E4
ASTAGE4_TITLE			  Byte	 DGROUP:01FB
ASTAGE5B1_BFT			  Byte	 DGROUP:1328
ASTAGE5B2_BFT			  Byte	 DGROUP:1335
ASTAGE5_TITLE			  Byte	 DGROUP:0214
ASTAGE_DT1			  Byte	 DGROUP:108A
ATANTABLE8 (AtanTable8)		  Byte	 DGROUP:0346
Turbo Assembler	 Version 5.3	    09-05-26 02:41:13	    Page 19
Symbol Table



ATH02_02			  Byte	 DGROUP:0088
ATH02_03			  Byte	 DGROUP:00A1
ATH02_04			  Byte	 DGROUP:00BA
ATH02_05			  Byte	 DGROUP:00D3
ATH02_06			  Byte	 DGROUP:00EC
ATH02_07			  Byte	 DGROUP:0105
ATH02_08			  Byte	 DGROUP:011E
ATH02_09			  Byte	 DGROUP:0137
ATH02_10			  Byte	 DGROUP:0150
ATH02_11			  Byte	 DGROUP:0169
ATH02_12			  Byte	 DGROUP:0182
ATH02_13			  Byte	 DGROUP:019B
ATRB				  Number 0004
AVDVVVBBVVVVV			  Byte	 DGROUP:02C9
AVV2				  Byte	 DGROUP:02B2
AXVAL				  Number 000A
A_S				  Near16 _TEXT:2734
B2V_LOOP			  Near16 _TEXT:00A4
BACKUP_MSEG			  Word	 DGROUP:0484
BAR_MAX				  Number 0080
BBUFSIZ	(bbufsiz)		  Word	 DGROUP:04D2
BBUFSIZE			  Number 0200
BCLOSER	(BCLOSER)		  Far16	 _TEXT:0200
BEEP_CNT			  Number 3FDB
BEEP_CNT_AT			  Number 0042
BEEP_MODE			  Number 3FDF
BEEP_MODE_AT			  Number 0043
BEEP_OFF			  Number 0007
BEEP_ON				  Number 0006
BEEP_SW				  Number 0037
BF				  Number 000C
BFILL (BFILL)			  Far16	 _TEXT:0218
BFNT_ENTRY_PAT (BFNT_ENTRY_PAT)	  Far16	 _TEXT:0014
BFNT_EXTEND_HEADER_ANALYSIS    +  Far16	 _TEXT:01A0
(BFNT_EXTEND_HEADER_ANALYSIS)
BFNT_EXTEND_HEADER_SKIP	       +  Far16	 _TEXT:0142
(BFNT_EXTEND_HEADER_SKIP)
BFNT_HEADER2			  Word	 DGROUP:0486
BFNT_HEADER_READ	       +  Far16	 _TEXT:0164
(BFNT_HEADER_READ)
BFNT_HEADER_SIZE		  Number 0020
BFNT_ID	(BFNT_ID)		  Byte	 DGROUP:0446
BFNT_PALETTE_SET	       +  Far16	 _TEXT:0254
(BFNT_PALETTE_SET)
BFTENTRY_FAULT			  Near16 _TEXT:000D
BFTENTRY_INVAL			  Far16	 _TEXT:0000
BGETC (BGETC)			  Far16	 _TEXT:0294
BGM_COMPLETE			  Alias	 NOERROR
BGM_EXTENT_ERR			  Alias	 INVALIDDATA
BGM_FILE_ERR			  Alias	 FILENOTFOUND
BGM_FORMAT_ERR			  Alias	 INVALIDFORMAT
BGM_MES_OFF			  Number 0000
BGM_MES_ON			  Number 0001
BGM_MUSIC			  Number 0001
BGM_NOT_PLAY			  Alias	 GENERALFAILURE
BGM_NOT_STOP			  Alias	 GENERALFAILURE
BGM_NO_MUSIC			  Alias	 INVALIDDATA
BGM_OVERFLOW			  Alias	 INSUFFICIENTMEMORY
BGM_SHOW			  Near16 MAIN_01:0F71
BGM_SHOW_TIMER			  Byte	 DGROUP:0006
BGM_SOUND_			  Number 0002
BGM_STAT_1TIM			  Number 0000
BGM_STAT_MUTE			  Number 0000
BGM_STAT_OFF			  Number 0000
BGM_STAT_ON			  Number 0001
BGM_STAT_PLAY			  Number 0001
BGM_STAT_REPT			  Number 0001
BGM_TOOMANY			  Alias	 INVALIDDATA
BG_1				  Number 0020
BG_16_RING			  Number 0025
BG_1_AIMED			  Number 0019
BG_1_RANDOM_ANGLE		  Number 001A
BG_2_RING			  Number 0022
BG_2_SPREAD_HORIZONTALLY_SYMMETR  Number 0023
IC
BG_2_SPREAD_MEDIUM		  Number 0002
BG_2_SPREAD_MEDIUM_AIMED	  Number 0005
BG_2_SPREAD_NARROW		  Number 0001
BG_2_SPREAD_NARROW_AIMED	  Number 0004
BG_2_SPREAD_ULTRAWIDE_AIMED	  Number 0026
BG_2_SPREAD_WIDE		  Number 0003
BG_2_SPREAD_WIDE_AIMED		  Number 0006
BG_32_RING			  Number 0027
BG_3_SPREAD_MEDIUM		  Number 0008
BG_3_SPREAD_MEDIUM_AIMED	  Number 000B
BG_3_SPREAD_NARROW		  Number 0007
BG_3_SPREAD_NARROW_AIMED	  Number 000A
BG_3_SPREAD_WIDE		  Number 0009
BG_3_SPREAD_WIDE_AIMED		  Number 000C
BG_4_RING			  Number 0021
BG_4_SPREAD_MEDIUM		  Number 000E
BG_4_SPREAD_MEDIUM_AIMED	  Number 0011
BG_4_SPREAD_NARROW		  Number 000D
Turbo Assembler	 Version 5.3	    09-05-26 02:41:13	    Page 20
Symbol Table



BG_4_SPREAD_NARROW_AIMED	  Number 0010
BG_4_SPREAD_WIDE		  Number 000F
BG_4_SPREAD_WIDE_AIMED		  Number 0012
BG_5_SPREAD_MEDIUM		  Number 0014
BG_5_SPREAD_MEDIUM_AIMED	  Number 0017
BG_5_SPREAD_NARROW		  Number 0013
BG_5_SPREAD_NARROW_AIMED	  Number 0016
BG_5_SPREAD_WIDE		  Number 0015
BG_5_SPREAD_WIDE_AIMED		  Number 0018
BG_8_RING			  Number 0024
BG_NONE				  Number 0000
BG_RANDOM_ANGLE			  Number 001B
BG_RANDOM_ANGLE_AND_SPEED	  Number 001C
BG_SPECIAL_MOTIONS		  Number 0080
BHAL				  Number 0004
BINARY				  Number 004D
BIT_BUF				  Number [4112]
BIT_LEN				  Number [4113]
BLUE_REV			  Near16 _TEXT:2978
BOMBS_MAX			  Number 0005
BOMB_CIRCLE_FRAMES		  Number 0020
BOMB_REIMU_A (BOMB_REIMU_A)	  Near16 MAIN_01:04A0
BOMB_REIMU_B (BOMB_REIMU_B)	  Near16 MAIN_01:0973
BOMB_REIMU_C (BOMB_REIMU_C)	  Near16 MAIN_01:0724
BOPENR (BOPENR)			  Far16	 _TEXT:0302
BOSS_DEFEAT_INVINCIBILITY_FRAMES  Number 00C8
BOTTOM_OUT			  Number 0004
BOX_COUNT_MAX			  Number 0016
BREAD (BREAD)			  Far16	 _TEXT:0356
BSEEK (BSEEK)			  Far16	 _TEXT:0386
BSEEK_ (BSEEK_)			  Far16	 _TEXT:03C8
BSM_1				  Number 00FF
BSM_BOUNCE_LEFT_RIGHT_TOP_BOTTOM  Number 0087
BSM_BOUNCE_TOP_BOTTOM		  Number 0088
BSM_CHASE			  Number 0080
BSM_DECELERATE_THEN_TURN_AIMED	  Number 0082
BSM_DRIFT_ANGLE_AND_SPEED	  Number 0084
BSM_DRIFT_ANGLE_CHASE		  Number 0085
BSM_GRAVITY			  Number 0083
BSM_HOMING			  Number 0081
BUF				  Number 000A
BUFFERBLOCK_SIZE		  Number 4114
BUFFER_SIZE			  Number 2400
BUFF_LEN			  Number 4000
BUFF_P				  Number [4110]
BUFMAX				  Number 1000
BULLET16_W			  Number 0010
BULLET_COUNT			  Number 0096
BULLET_SPECIAL_CHASE_SPEED	  Word	 DGROUP:22DE
BULLET_SPECIAL_DRIFT_ANGLE	  Word	 DGROUP:22DE
BULLET_SPECIAL_DRIFT_FRAMES	  Word	 DGROUP:22E2
BULLET_SPECIAL_DRIFT_SPEED	  Word	 DGROUP:22E0
BULLET_SPECIAL_GRAVITY_SPEED	  Word	 DGROUP:22DE
BULLET_SPECIAL_HOMING_FRAMES	  Word	 DGROUP:22E0
BULLET_SPECIAL_TURNS_MAX	  Word	 DGROUP:22E2
BYTEH				  Number 0008
BYTEL				  Number 0006
BYTESIZE			  Number 0006
BYTE_1DB74			  Byte	 DGROUP:0074
BYTE_1E502			  Byte	 DGROUP:0A02
BYTE_1E503			  Byte	 DGROUP:0A03
BYTE_1E518			  Byte	 DGROUP:0A18
BYTE_1E519			  Byte	 DGROUP:0A19
BYTE_1E51A			  Byte	 DGROUP:0A1A
BYTE_1EB0D			  Byte	 DGROUP:100D
BYTE_1EB0E			  Byte	 DGROUP:100E
BYTE_1EB88			  Byte	 DGROUP:1088
BYTE_1EDA6			  Byte	 DGROUP:12A6
BYTE_1EE1C			  Byte	 DGROUP:131C
BYTE_1EE52			  Byte	 DGROUP:1352
BYTE_1EE96			  Byte	 DGROUP:1396
BYTE_1EEA4			  Byte	 DGROUP:13A4
BYTE_1EEA5			  Byte	 DGROUP:13A5
BYTE_1F46E			  Byte	 DGROUP:0008
BYTE_1F4DD			  Byte	 DGROUP:0077
BYTE_1F4DE			  Byte	 DGROUP:0078
BYTE_1FFF8			  Byte	 DGROUP:0B92
BYTE_1FFF9			  Byte	 DGROUP:0B93
BYTE_1FFFA			  Byte	 DGROUP:0B94
BYTE_20168			  Byte	 DGROUP:0D02
BYTE_20169			  Byte	 DGROUP:0D03
BYTE_2034E			  Byte	 DGROUP:0EE8
BYTE_20350			  Byte	 DGROUP:0EEA
BYTE_205DE			  Byte	 DGROUP:1178
BYTE_205DF			  Byte	 DGROUP:1179
BYTE_205E0			  Byte	 DGROUP:117A
BYTE_2060E			  Byte	 DGROUP:11A8
BYTE_2060F			  Byte	 DGROUP:11A9
BYTE_20610			  Byte	 DGROUP:11AA
BYTE_20611			  Byte	 DGROUP:11AB
BYTE_2066A			  Byte	 DGROUP:1204
BYTE_2066B			  Byte	 DGROUP:1205
BYTE_2066E			  Byte	 DGROUP:1208
Turbo Assembler	 Version 5.3	    09-05-26 02:41:13	    Page 21
Symbol Table



BYTE_2066F			  Byte	 DGROUP:1209
BYTE_20671			  Byte	 DGROUP:120B
BYTE_20672			  Byte	 DGROUP:120C
BYTE_21A55			  Byte	 DGROUP:25EF
BYTE_22D4A			  Byte	 DGROUP:38E4
BYTE_22D4B			  Byte	 DGROUP:38E5
BYTE_22D56			  Byte	 DGROUP:38F0
BYTE_22D57			  Byte	 DGROUP:38F1
BYTE_22DA4			  Byte	 DGROUP:393E
BYTE_22FA6			  Byte	 DGROUP:3B40
BYTE_22FA7			  Byte	 DGROUP:3B41
BYTE_22FA8			  Byte	 DGROUP:3B42
BYTE_22FAE			  Byte	 DGROUP:3B48
BYTE_22FCE			  Byte	 DGROUP:3B68
BYTE_22FCF			  Byte	 DGROUP:3B69
BYTE_22FD0			  Byte	 DGROUP:3B6A
BYTE_22FDB			  Byte	 DGROUP:3B75
BYTE_23A70			  Byte	 DGROUP:460A
BYTE_252E0			  Byte	 DGROUP:5E7A
BYTE_252E1			  Byte	 DGROUP:5E7B
BYTE_252F6			  Byte	 DGROUP:5E90
BYTE_252F7			  Byte	 DGROUP:5E91
BYTE_253B4			  Byte	 DGROUP:5F4E
BYTE_254EA			  Byte	 DGROUP:6084
BYTE_2558C			  Byte	 DGROUP:6126
BYTE_2558D			  Byte	 DGROUP:6127
BYTE_2558E			  Byte	 DGROUP:6128
BYTE_2558F			  Byte	 DGROUP:6129
BYTE_25590			  Byte	 DGROUP:612A
BYTE_25596			  Byte	 DGROUP:6130
BYTE_25597			  Byte	 DGROUP:6131
BYTE_25598			  Byte	 DGROUP:6132
BYTE_255A2			  Byte	 DGROUP:613C
BYTE_255A3			  Byte	 DGROUP:613D
BYTE_255B0			  Byte	 DGROUP:614A
BYTE_255B2			  Byte	 DGROUP:614C
BYTE_255B3			  Byte	 DGROUP:614D
BYTE_255B4			  Byte	 DGROUP:614E
BYTE_255BE			  Byte	 DGROUP:6158
BYTE_26CC0			  Byte	 DGROUP:785A
BYTE_26CC1			  Byte	 DGROUP:785B
BYTE_26CC2			  Byte	 DGROUP:785C
BYTE_26CC3			  Byte	 DGROUP:785D
BYTE_26CC4			  Byte	 DGROUP:785E
BYTE_26CC5			  Byte	 DGROUP:785F
BYTE_26CC6			  Byte	 DGROUP:7860
BYTE_26CC7			  Byte	 DGROUP:7861
BYTE_26CC8			  Byte	 DGROUP:7862
BYTE_26CC9			  Byte	 DGROUP:7863
BYTE_26CCA			  Byte	 DGROUP:7864
BYTE_26CD3			  Byte	 DGROUP:786D
BYTE_26CD4			  Byte	 DGROUP:786E
BYTE_26CEF			  Byte	 DGROUP:7889
BYTE_26CF8			  Byte	 DGROUP:7892
BYTE_26CF9			  Byte	 DGROUP:7893
BYTE_26CFA			  Byte	 DGROUP:7894
BYTE_26D4C			  Byte	 DGROUP:78E6
BYTE_26D4D			  Byte	 DGROUP:78E7
BYTE_26D4E			  Byte	 DGROUP:78E8
BYTE_26D4F			  Byte	 DGROUP:78E9
BYTE_26D7C			  Byte	 DGROUP:7916
BYTE_26D7D			  Byte	 DGROUP:7917
BYTE_26D7E			  Byte	 DGROUP:7918
BYTE_26D81			  Byte	 DGROUP:791B
BYTE_26D89			  Byte	 DGROUP:7923
BYTE_26D8A			  Byte	 DGROUP:7924
BYTE_26D8B			  Byte	 DGROUP:7925
BYTE_26D8C			  Byte	 DGROUP:7926
BYTE_26D8D			  Byte	 DGROUP:7927
BYTE_26D92			  Byte	 DGROUP:792C
BYTE_DOTS			  Number 0008
BYTE_LOAD			  Near16 _TEXT:1A50
BYTE_MASK (BYTE_MASK)		  Byte	 DGROUP:07CA
BYTE_SIZE			  Number 0006
CANCELED			  Near16 _TEXT:2CC5
CFG_LOAD (CFG_LOAD)		  Near16 MAIN_01:113C
CHR				  Number 0006
CLEAR				  Near16 _TEXT:29B4
CLEAR_COLOR			  Number 0006
CLEAR_PLANE			  Near16 _TEXT:29B8
CLIPASM				  Number 0001
CLIPXL (ClipXL)			  Word	 DGROUP:044C
CLIPXR (ClipXR)			  Word	 DGROUP:0450
CLIPXW (ClipXW)			  Word	 DGROUP:044E
CLIPYB (ClipYB)			  Word	 DGROUP:0456
CLIPYB_ADR (ClipYB_adr)		  Word	 DGROUP:045A
CLIPYH (ClipYH)			  Word	 DGROUP:0454
CLIPYT (ClipYT)			  Word	 DGROUP:0452
CLIPYT_SEG (ClipYT_seg)		  Word	 DGROUP:0458
CLOCK_CHK			  Number 0042
CLOSEHANDLE			  Number 003E
CLOSE_SUCCESS			  Near16 _TEXT:0822
COLOR_COUNT			  Number 0010
Turbo Assembler	 Version 5.3	    09-05-26 02:41:13	    Page 22
Symbol Table



CONNECT_FREE			  Near16 _TEXT:2854
CONNECT_FREE2			  Near16 _TEXT:2861
CONNECT_SKIP_OVER		  Near16 _TEXT:2873
CONNECT_START			  Near16 _TEXT:2845
CONTINUE_INVINCIBILITY_FRAMES	  Number 00C8
COPYPSP				  Number 0055
COPY_PLANE			  Near16 _TEXT:138C
COUNT1				  Number _TEXT:33F1
COUNT2				  Number _TEXT:341F
COUNT3				  Number _TEXT:3456
COUNT4				  Number _TEXT:3487
CR				  Number 000D
CREATEHANDLE			  Number 003C
CRTBIOS_COOK			  Far16	 _TEXT:2538
CRTBIOS_VECT			  Number 0018
CTABLE				  Number 400C
CURSOR_HIDDEN			  Near16 _TEXT:1449
CUTLINE	(cutline)		  Near16 _TEXT:03F8
DATASIZE			  Number 0002
DEFAULT				  Word	 _TEXT:388E
DEFLCNT				  Number 0008
DEFLEN				  Number 0004
DEFOCT				  Number 0004
DEFTEMPO			  Number 0078
DEMOPLAY (DEMOPLAY)		  Far16	 MAIN_01:10AD
DEMO_LOAD (demo_load)		  Far16	 MAIN_01:1007
DEMO_N				  Number 1B58
DEST				  Number -0010
DIALOG_BOX_LINES		  Number 0002
DIALOG_LINE_LENGTH		  Number 0024
DIALOG_LINE_SIZE		  Number 0028
DIRECTION_26CE3			  Byte	 DGROUP:787D
DISPLAYCHAR			  Number 0002
DISPLAYSTRING			  Number 0009
DIVNUM				  Number 0008
DOS_AXDX (DOS_AXDX)		  Far16	 _TEXT:046C
DOS_CLOSE (DOS_CLOSE)		  Far16	 _TEXT:0810
DOS_FILESIZE (DOS_FILESIZE)	  Far16	 _TEXT:0484
DOS_ROPEN (DOS_ROPEN)		  Far16	 _TEXT:0826
DOS_SETVECT (DOS_SETVECT)	  Far16	 _TEXT:04BC
DO_ENTRY			  Near16 _TEXT:2BD6
DPTRSIZE			  Number 0004
DS_POSTBOSS			  Number 0001
DS_PREBOSS			  Number 0000
DUPLICATEFILEHANDLE		  Number 0045
DWORD_1DB82			  Dword	 DGROUP:0082
DWORD_218BA			  Dword	 DGROUP:2454
DWORD_22D58			  Dword	 DGROUP:38F2
DWORD_26B76			  Dword	 DGROUP:7710
EDGES (EDGES)			  Word	 DGROUP:045C
EGC_ACTIVEPLANEREG		  Number 04A0
EGC_ADDRRESSREG			  Number 04AC
EGC_BGCOLORREG			  Number 04AA
EGC_BITLENGTHREG		  Number 04AE
EGC_COMPAREREAD			  Number 2000
EGC_END	(EGC_END)		  Far16	 _TEXT:0512
EGC_FGCOLORREG			  Number 04A6
EGC_MASKREG			  Number 04A8
EGC_MODE_ROP_REG		  Number 04A4
EGC_OFF	(EGC_OFF)		  Far16	 _TEXT:04F2
EGC_ON (EGC_ON)			  Far16	 _TEXT:04DC
EGC_READPLANEREG		  Number 04A2
EGC_RL_MEMREAD			  Number 0100
EGC_RL_MEMWRITE			  Number 0200
EGC_RL_NONE			  Number 0000
EGC_SHIFT_CPU			  Number 0400
EGC_SHIFT_VRAM			  Number 0000
EGC_START (EGC_START)		  Far16	 _TEXT:0512
EGC_WS_CPU			  Number 0000
EGC_WS_PATREG			  Number 1000
EGC_WS_ROP			  Number 0800
ENDPROCESS			  Number 004C
END_RLA				  Near16 _TEXT:180C
ENTRY_AT_ERROR			  Far16	 _TEXT:290E
EOF				  Number -0001
EOI				  Number 0020
ERROR				  Near16 _TEXT:2CDC
ERROR_EXIT			  Near16 _TEXT:291B
EXIT				  Near16 _TEXT:2C05
EXPAND_CENTER			  Near16 _TEXT:2876
EXT_DONE			  Near16 _TEXT:144B
EXT_EXE				  Byte	 DGROUP:0804
FACE_COL_0			  Number 00FF
FACE_EXRIKA_FROWN		  Number 009C
FACE_EXRIKA_SMILE		  Number 0099
FACE_GENJII			  Number 0060
FACE_MARISA_FROWN		  Number 0093
FACE_MARISA_SMILE		  Number 0090
FACE_MEIRA_NEUTRAL		  Number 0066
FACE_MEIRA_SWEAT		  Number 0096
FACE_MIMA_FROWN			  Number 006C
FACE_MIMA_SMILE			  Number 0069
FACE_REIMU_ANGRY		  Number 0006
Turbo Assembler	 Version 5.3	    09-05-26 02:41:13	    Page 23
Symbol Table



FACE_REIMU_CRY			  Number 0033
FACE_REIMU_FALL			  Number 0030
FACE_REIMU_FLIRTY		  Number 003C
FACE_REIMU_FROWN		  Number 000C
FACE_REIMU_HUSHED		  Number 0003
FACE_REIMU_JOY			  Number 0009
FACE_REIMU_NEUTRAL		  Number 0000
FACE_REIMU_QUESTION		  Number 0036
FACE_REIMU_SWEAT		  Number 0039
FACE_RIKA			  Number 0063
FALSE				  Number 0000
FARFP_1F48C			  Dword	 DGROUP:0026
FARFP_1F490			  Dword	 DGROUP:002A
FARFP_1F494			  Dword	 DGROUP:002E
FARFP_1F498			  Dword	 DGROUP:0032
FARFP_1F4A0			  Dword	 DGROUP:003A
FARFP_1F4A4			  Dword	 DGROUP:003E
FARFP_23A72			  Dword	 DGROUP:460C
FARFP_23A76			  Dword	 DGROUP:4610
FARFP_26C3C			  Dword	 DGROUP:77D6
FARFP_26C40			  Dword	 DGROUP:77DA
FILENAME			  Number 0004
FILENOTFOUND			  Number -0002
FILE_APPEND (FILE_APPEND)	  Far16	 _TEXT:053E
FILE_BUFFER (file_Buffer)	  Dword	 DGROUP:008E
FILE_BUFFERPOS (file_BufferPos)	  Dword	 DGROUP:0092
FILE_BUFFERSIZE		       +  Word	 DGROUP:047E
(file_BufferSize)
FILE_BUFPTR (file_BufPtr)	  Word	 DGROUP:0096
FILE_CLOSE (FILE_CLOSE)		  Far16	 _TEXT:05FE
FILE_EOF (file_Eof)		  Word	 DGROUP:009A
FILE_ERRORSTAT (file_ErrorStat)	  Word	 DGROUP:009C
FILE_EXIST (FILE_EXIST)		  Far16	 _TEXT:060E
FILE_FLUSH (FILE_FLUSH)		  Far16	 _TEXT:0592
FILE_HANDLE (file_Handle)	  Word	 DGROUP:0480
FILE_INREADBUF (file_InReadBuf)	  Word	 DGROUP:0098
FILE_POINTER (file_Pointer)	  Dword	 DGROUP:008A
FILE_READ (FILE_READ)		  Far16	 _TEXT:062A
FILE_ROPEN (FILE_ROPEN)		  Far16	 _TEXT:06DE
FILE_SEEK (FILE_SEEK)		  Far16	 _TEXT:071A
FILE_SHARINGMODE	       +  Word	 DGROUP:0482
(file_sharingmode)
FILE_SIZE (FILE_SIZE)		  Far16	 _TEXT:075C
FILE_TELL (FILE_TELL)		  Far16	 _TEXT:074E
FILE_WRITE (FILE_WRITE)		  Far16	 _TEXT:076A
FINISH				  Number 0001
FNAME				  Number 0006
FONTFILE_CLOSE (FONTFILE_CLOSE)	  Far16	 _TEXT:0810
FONTFILE_OPEN (FONTFILE_OPEN)	  Far16	 _TEXT:0826
FORCEDUPLICATEFILEHANDLE	  Number 0046
FOUND_HOLE			  Near16 _TEXT:27A2
FOUND_NEXT_HOLE			  Near16 _TEXT:27F6
FP_255B6			  Word	 DGROUP:6150
FP_255B8			  Word	 DGROUP:6152
FP_255BA			  Word	 DGROUP:6154
FREEMEMORY			  Number 0049
FREESTART			  Near16 _TEXT:28FB
FREE_LOST_HOLE			  Near16 _TEXT:28AF
FREE_RETURN			  Near16 _TEXT:28B3
F_ALIVE				  Number 0001
F_FREE				  Number 0000
F_REMOVE			  Number 0002
G11SPACES			  Byte	 DGROUP:005F
G31_NOTMATE			  Near16 _TEXT:144B
GAIJISIZE			  Number 2000
GAIJI_BACKUP (GAIJI_BACKUP)	  Far16	 _TEXT:10CE
GAIJI_ENTRY_BFNT	       +  Far16	 _TEXT:110E
(GAIJI_ENTRY_BFNT)
GAIJI_PUTCA (GAIJI_PUTCA)	  Far16	 _TEXT:11A4
GAIJI_PUTSA (GAIJI_PUTSA)	  Far16	 _TEXT:11E8
GAIJI_READ (GAIJI_READ)		  Far16	 _TEXT:1260
GAIJI_READ_ALL (GAIJI_READ_ALL)	  Far16	 _TEXT:1286
GAIJI_RESTORE (GAIJI_RESTORE)	  Far16	 _TEXT:10F2
GAIJI_TRAM_W			  Number 0002
GAIJI_W				  Number 0010
GAIJI_WRITE (GAIJI_WRITE)	  Far16	 _TEXT:12CC
GAIJI_WRITE_ALL		       +  Far16	 _TEXT:12F4
(GAIJI_WRITE_ALL)
GAME				  Text	 2
GBLAST				  Number [4008]
GBLAST_OFF			  Number [4008]
GBLAST_SEG			  Number [400A]
GBUFFER				  Number [4004]
GBUFFER_OFF			  Number [4004]
GBUFFER_SEG			  Number [4006]
GB_0_				  Number 00A0
GB_1_				  Number 00A1
GB_2_				  Number 00A2
GB_3_				  Number 00A3
GB_4_				  Number 00A4
GB_5_				  Number 00A5
GB_6_				  Number 00A6
GB_7_				  Number 00A7
Turbo Assembler	 Version 5.3	    09-05-26 02:41:13	    Page 24
Symbol Table



GB_8_				  Number 00A8
GB_9_				  Number 00A9
GB_A_				  Number 00AA
GB_C_				  Number 00AC
GB_DIGITS			  Number 00A0
GB_D_				  Number 00AD
GB_E_				  Number 00AE
GB_G_				  Number 00B0
GB_H_				  Number 00B1
GB_I_				  Number 00B2
GB_L_				  Number 00B5
GB_M_				  Number 00B7
GB_N_				  Number 00B6
GB_O_				  Number 00B8
GB_R_				  Number 00BB
GB_SP				  Number 00CF
GB_S_				  Number 00BC
GB_T_				  Number 00BD
GB_U_				  Number 00BE
GB_X_				  Number 00C1
GB_Y_				  Number 00C2
GCONTINUE?			  Byte	 DGROUP:0965
GCREDIT				  Byte	 DGROUP:0977
GC_B				  Number 000E
GC_BG				  Number 000A
GC_BGI				  Number 0002
GC_BI				  Number 0006
GC_BR				  Number 000C
GC_BRG				  Number 0008
GC_BRGI				  Number 0000
GC_BRI				  Number 0004
GC_CIRCL_ALLIN			  Far16	 _TEXT:0A44
GC_CIRCL_CLIPOUT		  Near16 _TEXT:0A49
GC_CIRCL_CX_			  Word	 DGROUP:009E
GC_CIRCL_CY_			  Word	 DGROUP:00A0
GC_CIRCL_PSET4			  Near16 _TEXT:0AE8
GC_CIRCL_PSET4Q			  Near16 _TEXT:0AE6
GC_CIRCL_VRAMZOOM1		  Byte	 _TEXT:0AEF
GC_CIRCL_VRAMZOOM2		  Byte	 _TEXT:0B5B
GC_CIRCX_CX_			  Word	 _TEXT:0C11
GC_CIRCX_CY_1			  Word	 _TEXT:0C19
GC_CIRCX_CY_2			  Word	 _TEXT:0C63
GC_CIRCX_VRAMSHIFT1		  Byte	 _TEXT:0C17
GC_CIRCX_VRAMSHIFT2		  Byte	 _TEXT:0C61
GC_G				  Number 000B
GC_GI				  Number 0003
GC_I				  Number 0007
GC_MODEREG			  Number 007C
GC_OFF				  Number 0000
GC_R				  Number 000D
GC_RG				  Number 0009
GC_RGI				  Number 0001
GC_RI				  Number 0005
GC_RMW				  Number 00C0
GC_TCR				  Number 0080
GC_TDW				  Number 0080
GC_TILEREG			  Number 007E
GDCCMD				  Number 00A2
GDCPARAM			  Number 00A0
GDCSTATUS			  Number 00A0
GDC_OUTPW (gdc_outpw)		  Near16 _TEXT:10C2
GDC_PARAM			  Number 00A0
GDEMO_PLAY			  Byte	 DGROUP:004A
GENERALFAILURE			  Number -001F
GETDATE				  Number 002A
GETDOSAREA			  Number 0052
GETFONTW			  Near16 _TEXT:123E
GETINTERRUPTVECTOR		  Number 0035
GETPSP				  Number 0062
GETSETDATETIMEOFFILE		  Number 0057
GETSETSWITCH			  Number 0037
GEXTRA_STAGE			  Byte	 DGROUP:0010
GGAMEOVER			  Byte	 DGROUP:095C
GLYPH_FULL_W			  Number 0010
GLYPH_H				  Number 0010
GLYPH_HALF_W			  Number 0008
GNO				  Byte	 DGROUP:0973
GO				  Near16 _TEXT:2BF5
GPAUSE_MENU			  Byte	 DGROUP:0054
GRAM_400			  Number A800
GRAPH_400LINE (GRAPH_400LINE)	  Far16	 _TEXT:131A
GRAPH_CLEAR (GRAPH_CLEAR)	  Far16	 _TEXT:1368
GRAPH_COPY_PAGE		       +  Far16	 _TEXT:13A2
(GRAPH_COPY_PAGE)
GRAPH_EXTMODE (GRAPH_EXTMODE)	  Far16	 _TEXT:13F8
GRAPH_MESHBYTE (graph_MeshByte)	  Word	 DGROUP:0498
GRAPH_PACK_PUT_8	       +  Far16	 _TEXT:1A94
(GRAPH_PACK_PUT_8)
GRAPH_PI_FREE (GRAPH_PI_FREE)	  Far16	 _TEXT:144E
GRAPH_PI_LOAD_PACK	       +  Far16	 _TEXT:14A6
(GRAPH_PI_LOAD_PACK)
GRAPH_SCROLL (GRAPH_SCROLL)	  Far16	 _TEXT:1BBA
GRAPH_SCROLLUP (GRAPH_SCROLLUP)	  Far16	 _TEXT:1B62
Turbo Assembler	 Version 5.3	    09-05-26 02:41:13	    Page 25
Symbol Table



GRAPH_VRAMLINES		       +  Word	 DGROUP:0492
(graph_VramLines)
GRAPH_VRAMSEG (graph_VramSeg)	  Word	 DGROUP:048E
GRAPH_VRAMWIDTH		       +  Word	 DGROUP:0494
(graph_VramWidth)
GRAPH_VRAMWORDS		       +  Word	 DGROUP:0490
(graph_VramWords)
GRAPH_VRAMZOOM (graph_VramZoom)	  Word	 DGROUP:0496
GRCG_BOXFILL (GRCG_BOXFILL)	  Far16	 _TEXT:0846
GRCG_BOXFILL_RETURN		  Far16	 _TEXT:0840
GRCG_BYTEBOXFILL_X	       +  Far16	 _TEXT:0916
(GRCG_BYTEBOXFILL_X)
GRCG_CIRCLE (GRCG_CIRCLE)	  Far16	 _TEXT:0A4E
GRCG_CIRCLEFILL		       +  Far16	 _TEXT:09AE
(GRCG_CIRCLEFILL)
GRCG_CIRCLE_X (GRCG_CIRCLE_X)	  Far16	 _TEXT:0BBC
GRCG_FILL (GRCG_FILL)		  Far16	 _TEXT:0D3E
GRCG_HLINE (GRCG_HLINE)		  Far16	 _TEXT:0DA4
GRCG_LINE (GRCG_LINE)		  Far16	 _TEXT:0E2A
GRCG_OFF (GRCG_OFF)		  Far16	 _TEXT:1036
GRCG_PSET (GRCG_PSET)		  Far16	 _TEXT:0FC8
GRCG_SETCOLOR (GRCG_SETCOLOR)	  Far16	 _TEXT:100C
GRCG_VLINE (GRCG_VLINE)		  Far16	 _TEXT:103C
GRC_SETCLIP (GRC_SETCLIP)	  Far16	 _TEXT:0CAC
GROUP_20670			  Byte	 DGROUP:120A
GRPPILOD_COLOR			  Near16 _TEXT:154A
GRPPILOD_LENGTH_CONTEXT		  Near16 _TEXT:1775
GRPPILOD_MACHINE_INFORMATION	  Near16 _TEXT:1555
GRPPILOD_POSITION		  Near16 _TEXT:1815
GRPPILOD_SET_PTRS		  Near16 _TEXT:15F4
GRPPPUT8_CLIPOUT		  Far16	 _TEXT:1A8E
GSTAGE1				  Byte	 DGROUP:0000
GS_ALL				  Number 00F0
GS_BLANK			  Number 00CB
GS_BOMB				  Number 0003
GS_BULLET			  Number 00DA
GS_COR				  Number 00C5
GS_E				  Number 00C6
GS_HI				  Number 00CE
GS_NOTES			  Number 00D8
GS_REIGEKI_GEKI			  Number 00CD
GS_REIGEKI_REI			  Number 00CC
GS_REIMU_MU			  Number 00CA
GS_REIMU_REI			  Number 00C9
GS_REIRYOKU_REI			  Number 00C7
GS_REIRYOKU_RYOKU		  Number 00C8
GS_SC				  Number 00C4
GS_YINYANG			  Number 0002
GYES				  Byte	 DGROUP:096F
G_BAR_MAX_0			  Number 0040
G_BAR_MAX_1			  Number 0041
G_BAR_MAX_2			  Number 0042
G_BAR_MAX_3			  Number 0043
G_BAR_MAX_4			  Number 0044
G_TO_PAGE			  Number 0004
HANDLE				  Number [410E]
HEADER				  Struct DGROUP:07DA BFNT_HEADER
HI_MUL				  Number 015A
HMEM_ALLOC (HMEM_ALLOC)		  Far16	 _TEXT:2722
HMEM_ALLOCB			  Near16 _TEXT:2729
HMEM_ALLOCBYTE (HMEM_ALLOCBYTE)	  Far16	 _TEXT:270E
HMEM_FREE (HMEM_FREE)		  Far16	 _TEXT:2812
HMEM_LALLOCATE (HMEM_LALLOCATE)	  Far16	 _TEXT:266A
HUD_KANJI_W			  Number 0008
HUD_LEFT			  Number 0038
IATAN2 (IATAN2)			  Far16	 _TEXT:1C06
IMAGE_ADDR			  Number 0008
IMR				  Number 0002
INPUT_BOMB			  Number 0020
INPUT_CANCEL			  Number 0040
INPUT_DOWN			  Number 0002
INPUT_DOWN_LEFT			  Number 4000
INPUT_DOWN_RIGHT		  Number 8000
INPUT_LEFT			  Number 0004
INPUT_MOVEMENT_ALIGNED		  Number 000F
INPUT_MOVEMENT_DIAGONAL		  Number F000
INPUT_OK			  Number 0080
INPUT_Q				  Number 0100
INPUT_RIGHT			  Number 0008
INPUT_SHOT			  Number 0010
INPUT_UP			  Number 0001
INPUT_UP_LEFT			  Number 1000
INPUT_UP_RIGHT			  Number 2000
INSUFFICIENTMEMORY		  Number -0008
INTCTRL				  Number 0000
INVALIDDATA			  Number -000D
INVALIDFORMAT			  Number -000B
IOCTL				  Number 0044
IOCTL_TABLE			  Word	 _TEXT:3958
IRAND (IRAND)			  Far16	 _TEXT:1EF2
ITEM_COUNT			  Number 0014
ITEM_H				  Number 0010
ITEM_W				  Number 0010
Turbo Assembler	 Version 5.3	    09-05-26 02:41:13	    Page 26
Symbol Table



IT_1UP				  Number 0004
IT_BIGPOWER			  Number 0003
IT_BOMB				  Number 0002
IT_POINT			  Number 0001
IT_POWER			  Number 0000
I_RETURN			  Near16 _TEXT:3981
I_SEEK				  Near16 _TEXT:392D
I_SEEK_TOP			  Near16 _TEXT:3921
I_SWITCH			  Near16 _TEXT:3852
JUMP_ORIGIN			  Word	 _TEXT:3496
JUST_FIT			  Near16 _TEXT:27D2
KAJA_GET_SONG_ADDRESS		  Number 0006
KAJA_GET_SONG_MEASURE		  Number 0005
KAJA_GET_VOLUME			  Number 0008
KAJA_SONG_FADE			  Number 0002
KAJA_SONG_PLAY			  Number 0000
KAJA_SONG_STOP			  Number 0001
KEEPPROCESS			  Number 0031
KEY_SENSE (KEY_SENSE)		  Far16	 _TEXT:1C72
LDATA				  Number 0001
LEFT_22D98			  Word	 DGROUP:3932
LEFT_253B6			  Word	 DGROUP:5F50
LEFT_255A0			  Word	 DGROUP:613A
LEFT_26C4E			  Word	 DGROUP:77E8
LEFT_26C56			  Word	 DGROUP:77F0
LEFT_26C5A			  Word	 DGROUP:77F4
LEFT_OUT			  Number 0001
LF				  Number 000A
LINEBYTE			  Word	 DGROUP:08E4
LIVES_MAX			  Number 0005
LOCKUNLOCK			  Number 005C
LOCRET_11C88			  Near16 MAIN_03:0E39
LOCRET_11D2E			  Near16 MAIN_03:0EDF
LOCRET_13784			  Near16 MAIN_03:02CE
LOCRET_13FE3			  Near16 MAIN_03:0B2D
LOCRET_16553			  Near16 MAIN_03:309D
LOCRET_17D57			  Near16 MAIN_03:48A1
LOCRET_18903			  Near16 MAIN_03:544D
LOCRET_18BA4			  Near16 MAIN_03:56EE
LOCRET_19171			  Near16 MAIN_03:5CBB
LOCRET_1A14F			  Near16 MAIN_03:079C
LOCRET_1AB33			  Near16 MAIN_03:1180
LOCRET_1C286			  Near16 MAIN_03:28D3
LOCRET_1C646			  Near16 MAIN_05_TEXT:0267
LOC_1000F			  Near16 MAIN_03:007E
LOC_10025			  Near16 MAIN_03:0094
LOC_1005C			  Near16 MAIN_03:00CB
LOC_100A0			  Near16 MAIN_03:010F
LOC_100BA			  Near16 MAIN_03:0129
LOC_100DB			  Near16 MAIN_03:014A
LOC_10156			  Near16 MAIN_03:01C5
LOC_1015A			  Near16 MAIN_03:01C9
LOC_10171			  Near16 MAIN_03:01E0
LOC_1019D			  Near16 MAIN_03:020C
LOC_10208			  Near16 MAIN_03:0277
LOC_1022C			  Near16 MAIN_03:029B
LOC_10230			  Near16 MAIN_03:029F
LOC_10258			  Near16 MAIN_03:02C7
LOC_10286			  Near16 MAIN_03:02F5
LOC_10294			  Near16 MAIN_03:0303
LOC_102A9			  Near16 MAIN_03:0318
LOC_10E57			  Near16 MAIN_03:0008
LOC_10E8D			  Near16 MAIN_03:003E
LOC_10EC0			  Near16 MAIN_03:0071
LOC_10EE4			  Near16 MAIN_03:0095
LOC_10F22			  Near16 MAIN_03:00D3
LOC_10F37			  Near16 MAIN_03:00E8
LOC_10F5E			  Near16 MAIN_03:010F
LOC_10F8C			  Near16 MAIN_03:013D
LOC_10FBA			  Near16 MAIN_03:016B
LOC_10FF0			  Near16 MAIN_03:01A1
LOC_10FF6			  Near16 MAIN_03:01A7
LOC_11013			  Near16 MAIN_03:01C4
LOC_11095			  Near16 MAIN_03:0246
LOC_110A4			  Near16 MAIN_03:0255
LOC_110B3			  Near16 MAIN_03:0264
LOC_110C3			  Near16 MAIN_03:0274
LOC_110CE			  Near16 MAIN_03:027F
LOC_1116B			  Near16 MAIN_03:031C
LOC_1116C			  Near16 MAIN_03:031D
LOC_1117C			  Near16 MAIN_03:032D
LOC_1117F			  Near16 MAIN_03:0330
LOC_111AF			  Near16 MAIN_03:0360
LOC_111F3			  Near16 MAIN_03:03A4
LOC_112BA			  Near16 MAIN_03:046B
LOC_112D4			  Near16 MAIN_03:0485
LOC_11302			  Near16 MAIN_03:04B3
LOC_1131C			  Near16 MAIN_03:04CD
LOC_1131F			  Near16 MAIN_03:04D0
LOC_1134D			  Near16 MAIN_03:04FE
LOC_11379			  Near16 MAIN_03:052A
LOC_11381			  Near16 MAIN_03:0532
LOC_113BD			  Near16 MAIN_03:056E
Turbo Assembler	 Version 5.3	    09-05-26 02:41:13	    Page 27
Symbol Table



LOC_113C1			  Near16 MAIN_03:0572
LOC_113DE			  Near16 MAIN_03:058F
LOC_11416			  Near16 MAIN_03:05C7
LOC_11429			  Near16 MAIN_03:05DA
LOC_11449			  Near16 MAIN_03:05FA
LOC_11473			  Near16 MAIN_03:0624
LOC_114A5			  Near16 MAIN_03:0656
LOC_114CA			  Near16 MAIN_03:067B
LOC_114D0			  Near16 MAIN_03:0681
LOC_1150C			  Near16 MAIN_03:06BD
LOC_1152C			  Near16 MAIN_03:06DD
LOC_11581			  Near16 MAIN_03:0732
LOC_11599			  Near16 MAIN_03:074A
LOC_115E3			  Near16 MAIN_03:0794
LOC_115E7			  Near16 MAIN_03:0798
LOC_115E8			  Near16 MAIN_03:0799
LOC_115F0			  Near16 MAIN_03:07A1
LOC_11608			  Near16 MAIN_03:07B9
LOC_1160D			  Near16 MAIN_03:07BE
LOC_1161B			  Near16 MAIN_03:07CC
LOC_1166B			  Near16 MAIN_03:081C
LOC_11685			  Near16 MAIN_03:0836
LOC_11689			  Near16 MAIN_03:083A
LOC_11697			  Near16 MAIN_03:0848
LOC_116A1			  Near16 MAIN_03:0852
LOC_116A2			  Near16 MAIN_03:0853
LOC_116A9			  Near16 MAIN_03:085A
LOC_116B5			  Near16 MAIN_03:0866
LOC_116E3			  Near16 MAIN_03:0894
LOC_116E4			  Near16 MAIN_03:0895
LOC_116F5			  Near16 MAIN_03:08A6
LOC_11712			  Near16 MAIN_03:08C3
LOC_11746			  Near16 MAIN_03:08F7
LOC_1175C			  Near16 MAIN_03:090D
LOC_1175D			  Near16 MAIN_03:090E
LOC_117B6			  Near16 MAIN_03:0967
LOC_117F3			  Near16 MAIN_03:09A4
LOC_11810			  Near16 MAIN_03:09C1
LOC_1181C			  Near16 MAIN_03:09CD
LOC_11824			  Near16 MAIN_03:09D5
LOC_1182C			  Near16 MAIN_03:09DD
LOC_1185E			  Near16 MAIN_03:0A0F
LOC_11871			  Near16 MAIN_03:0A22
LOC_11885			  Near16 MAIN_03:0A36
LOC_118CF			  Near16 MAIN_03:0A80
LOC_118D9			  Near16 MAIN_03:0A8A
LOC_118DC			  Near16 MAIN_03:0A8D
LOC_1191A			  Near16 MAIN_03:0ACB
LOC_11924			  Near16 MAIN_03:0AD5
LOC_11927			  Near16 MAIN_03:0AD8
LOC_11939			  Near16 MAIN_03:0AEA
LOC_1193E			  Near16 MAIN_03:0AEF
LOC_1193F			  Near16 MAIN_03:0AF0
LOC_1194A			  Near16 MAIN_03:0AFB
LOC_1196F			  Near16 MAIN_03:0B20
LOC_11970			  Near16 MAIN_03:0B21
LOC_11975			  Near16 MAIN_03:0B26
LOC_11993			  Near16 MAIN_03:0B44
LOC_119B7			  Near16 MAIN_03:0B68
LOC_119F5			  Near16 MAIN_03:0BA6
LOC_11A1F			  Near16 MAIN_03:0BD0
LOC_11A20			  Near16 MAIN_03:0BD1
LOC_11A27			  Near16 MAIN_03:0BD8
LOC_11A42			  Near16 MAIN_03:0BF3
LOC_11A6E			  Near16 MAIN_03:0C1F
LOC_11A6F			  Near16 MAIN_03:0C20
LOC_11A76			  Near16 MAIN_03:0C27
LOC_11A84			  Near16 MAIN_03:0C35
LOC_11AB9			  Near16 MAIN_03:0C6A
LOC_11AC4			  Near16 MAIN_03:0C75
LOC_11AEF			  Near16 MAIN_03:0CA0
LOC_11AF4			  Near16 MAIN_03:0CA5
LOC_11AF5			  Near16 MAIN_03:0CA6
LOC_11AFC			  Near16 MAIN_03:0CAD
LOC_11B16			  Near16 MAIN_03:0CC7
LOC_11B21			  Near16 MAIN_03:0CD2
LOC_11B4C			  Near16 MAIN_03:0CFD
LOC_11B51			  Near16 MAIN_03:0D02
LOC_11B52			  Near16 MAIN_03:0D03
LOC_11B57			  Near16 MAIN_03:0D08
LOC_11BB3			  Near16 MAIN_03:0D64
LOC_11BFC			  Near16 MAIN_03:0DAD
LOC_11C35			  Near16 MAIN_03:0DE6
LOC_11C7A			  Near16 MAIN_03:0E2B
LOC_11CC4			  Near16 MAIN_03:0E75
LOC_11CF5			  Near16 MAIN_03:0EA6
LOC_11D28			  Near16 MAIN_03:0ED9
LOC_11D4E			  Near16 MAIN_03:0EFF
LOC_11D9A			  Near16 MAIN_03:0F4B
LOC_11DE9			  Near16 MAIN_03:0F9A
LOC_11DF4			  Near16 MAIN_03:0FA5
LOC_11E0A			  Near16 MAIN_03:0FBB
LOC_11E2B			  Near16 MAIN_03:0FDC
Turbo Assembler	 Version 5.3	    09-05-26 02:41:13	    Page 28
Symbol Table



LOC_11E30			  Near16 MAIN_03:0FE1
LOC_11E3D			  Near16 MAIN_03:0FEE
LOC_11E66			  Near16 MAIN_03:1017
LOC_11E74			  Near16 MAIN_03:1025
LOC_11EBE			  Near16 MAIN_03:106F
LOC_11EE5			  Near16 MAIN_03:1096
LOC_11EFC			  Near16 MAIN_03:10AD
LOC_11F1E			  Near16 MAIN_03:10CF
LOC_11F25			  Near16 MAIN_03:10D6
LOC_11F2B			  Near16 MAIN_03:10DC
LOC_11F46			  Near16 MAIN_03:10F7
LOC_11F57			  Near16 MAIN_03:1108
LOC_11F98			  Near16 MAIN_03:1149
LOC_11FA5			  Near16 MAIN_03:1156
LOC_11FB2			  Near16 MAIN_03:1163
LOC_11FC4			  Near16 MAIN_03:1175
LOC_1200D			  Near16 MAIN_03:11BE
LOC_1202D			  Near16 MAIN_03:11DE
LOC_1204A			  Near16 MAIN_03:11FB
LOC_1204F			  Near16 MAIN_03:1200
LOC_12075			  Near16 MAIN_03:1226
LOC_1209A			  Near16 MAIN_03:124B
LOC_120A1			  Near16 MAIN_03:1252
LOC_120AA			  Near16 MAIN_03:125B
LOC_120D2			  Near16 MAIN_03:1283
LOC_120D7			  Near16 MAIN_03:1288
LOC_120E1			  Near16 MAIN_03:1292
LOC_120F4			  Near16 MAIN_03:12A5
LOC_12107			  Near16 MAIN_03:12B8
LOC_12128			  Near16 MAIN_03:12D9
LOC_12132			  Near16 MAIN_03:12E3
LOC_12146			  Near16 MAIN_03:12F7
LOC_1215E			  Near16 MAIN_03:130F
LOC_12166			  Near16 MAIN_03:1317
LOC_1217C			  Near16 MAIN_03:132D
LOC_1218D			  Near16 MAIN_03:133E
LOC_1219D			  Near16 MAIN_03:134E
LOC_121A1			  Near16 MAIN_03:1352
LOC_121B3			  Near16 MAIN_03:1364
LOC_121B5			  Near16 MAIN_03:1366
LOC_121C9			  Near16 MAIN_03:137A
LOC_121DE			  Near16 MAIN_03:138F
LOC_121E2			  Near16 MAIN_03:1393
LOC_121EF			  Near16 MAIN_03:13A0
LOC_1223A			  Near16 MAIN_03:13EB
LOC_12257			  Near16 MAIN_03:1408
LOC_12269			  Near16 MAIN_03:141A
LOC_12279			  Near16 MAIN_03:142A
LOC_12283			  Near16 MAIN_03:1434
LOC_122A1			  Near16 MAIN_03:1452
LOC_122A7			  Near16 MAIN_03:1458
LOC_122CB			  Near16 MAIN_03:147C
LOC_122D1			  Near16 MAIN_03:1482
LOC_122F9			  Near16 MAIN_03:14AA
LOC_12304			  Near16 MAIN_03:14B5
LOC_1230F			  Near16 MAIN_03:14C0
LOC_12318			  Near16 MAIN_03:14C9
LOC_1231B			  Near16 MAIN_03:14CC
LOC_1232A			  Near16 MAIN_03:14DB
LOC_1232C			  Near16 MAIN_03:14DD
LOC_12345			  Near16 MAIN_03:14F6
LOC_1234B			  Near16 MAIN_03:14FC
LOC_12373			  Near16 MAIN_03:1524
LOC_1237E			  Near16 MAIN_03:152F
LOC_12389			  Near16 MAIN_03:153A
LOC_12392			  Near16 MAIN_03:1543
LOC_12395			  Near16 MAIN_03:1546
LOC_123A4			  Near16 MAIN_03:1555
LOC_123A6			  Near16 MAIN_03:1557
LOC_123C3			  Near16 MAIN_03:1574
LOC_123D0			  Near16 MAIN_03:1581
LOC_123D8			  Near16 MAIN_03:1589
LOC_123D9			  Near16 MAIN_03:158A
LOC_123E9			  Near16 MAIN_03:159A
LOC_1241A			  Near16 MAIN_03:15CB
LOC_12425			  Near16 MAIN_03:15D6
LOC_12454			  Near16 MAIN_03:1605
LOC_12475			  Near16 MAIN_03:1626
LOC_12481			  Near16 MAIN_03:1632
LOC_124B6			  Near16 MAIN_03:1667
LOC_124C2			  Near16 MAIN_03:1673
LOC_124E0			  Near16 MAIN_03:1691
LOC_124EC			  Near16 MAIN_03:169D
LOC_12519			  Near16 MAIN_03:16CA
LOC_12520			  Near16 MAIN_03:16D1
LOC_12567			  Near16 MAIN_03:1718
LOC_1257A			  Near16 MAIN_03:172B
LOC_12586			  Near16 MAIN_03:1737
LOC_12592			  Near16 MAIN_03:1743
LOC_1259E			  Near16 MAIN_03:174F
LOC_125AA			  Near16 MAIN_03:175B
LOC_125B4			  Near16 MAIN_03:1765
LOC_125D6			  Near16 MAIN_03:1787
Turbo Assembler	 Version 5.3	    09-05-26 02:41:13	    Page 29
Symbol Table



LOC_125E9			  Near16 MAIN_03:179A
LOC_1260A			  Near16 MAIN_03:17BB
LOC_1261B			  Near16 MAIN_03:17CC
LOC_12635			  Near16 MAIN_03:17E6
LOC_1263C			  Near16 MAIN_03:17ED
LOC_12641			  Near16 MAIN_03:17F2
LOC_1264B			  Near16 MAIN_03:17FC
LOC_1266F			  Near16 MAIN_03:1820
LOC_1269E			  Near16 MAIN_03:184F
LOC_126BA			  Near16 MAIN_03:186B
LOC_126CD			  Near16 MAIN_03:187E
LOC_126D9			  Near16 MAIN_03:188A
LOC_126E5			  Near16 MAIN_03:1896
LOC_126F1			  Near16 MAIN_03:18A2
LOC_126FD			  Near16 MAIN_03:18AE
LOC_12707			  Near16 MAIN_03:18B8
LOC_12724			  Near16 MAIN_03:18D5
LOC_12734			  Near16 MAIN_03:18E5
LOC_12737			  Near16 MAIN_03:18E8
LOC_12786			  Near16 MAIN_03:1937
LOC_127A5			  Near16 MAIN_03:1956
LOC_12835			  Near16 MAIN_03:19E6
LOC_1288F			  Near16 MAIN_03:1A40
LOC_12897			  Near16 MAIN_03:1A48
LOC_128A0			  Near16 MAIN_03:1A51
LOC_128A9			  Near16 MAIN_03:1A5A
LOC_128C1			  Near16 MAIN_03:1A72
LOC_128C9			  Near16 MAIN_03:1A7A
LOC_128DF			  Near16 MAIN_03:1A90
LOC_128EC			  Near16 MAIN_03:1A9D
LOC_1291C			  Near16 MAIN_03:1ACD
LOC_12923			  Near16 MAIN_03:1AD4
LOC_12926			  Near16 MAIN_03:1AD7
LOC_12943			  Near16 MAIN_03:1AF4
LOC_129A5			  Near16 MAIN_03:1B56
LOC_129AB			  Near16 MAIN_03:1B5C
LOC_129BA			  Near16 MAIN_03:1B6B
LOC_129CD			  Near16 MAIN_03:1B7E
LOC_129E8			  Near16 MAIN_03:1B99
LOC_129EF			  Near16 MAIN_03:1BA0
LOC_12A32			  Near16 MAIN_03:1BE3
LOC_12A6E			  Near16 MAIN_03:1C1F
LOC_12A72			  Near16 MAIN_03:1C23
LOC_12A77			  Near16 MAIN_03:1C28
LOC_12A89			  Near16 MAIN_03:1C3A
LOC_12AB9			  Near16 MAIN_03:1C6A
LOC_12ACD			  Near16 MAIN_03:1C7E
LOC_12AD5			  Near16 MAIN_03:1C86
LOC_12AD9			  Near16 MAIN_03:1C8A
LOC_12B05			  Near16 MAIN_03:1CB6
LOC_12B1E			  Near16 MAIN_03:1CCF
LOC_12B2B			  Near16 MAIN_03:1CDC
LOC_12B40			  Near16 MAIN_03:1CF1
LOC_12B5A			  Near16 MAIN_03:1D0B
LOC_12B5E			  Near16 MAIN_03:1D0F
LOC_12B98			  Near16 MAIN_03:1D49
LOC_12BB1			  Near16 MAIN_03:1D62
LOC_12BDD			  Near16 MAIN_03:1D8E
LOC_12C00			  Near16 MAIN_03:1DB1
LOC_12C11			  Near16 MAIN_03:1DC2
LOC_12C21			  Near16 MAIN_03:1DD2
LOC_12C33			  Near16 MAIN_03:1DE4
LOC_12C42			  Near16 MAIN_03:1DF3
LOC_12C47			  Near16 MAIN_03:1DF8
LOC_12C51			  Near16 MAIN_03:1E02
LOC_12C5C			  Near16 MAIN_03:1E0D
LOC_12C60			  Near16 MAIN_03:1E11
LOC_12C66			  Near16 MAIN_03:1E17
LOC_134CD			  Near16 MAIN_03:0017
LOC_13503			  Near16 MAIN_03:004D
LOC_13508			  Near16 MAIN_03:0052
LOC_1350D			  Near16 MAIN_03:0057
LOC_13527			  Near16 MAIN_03:0071
LOC_1356A			  Near16 MAIN_03:00B4
LOC_135AC			  Near16 MAIN_03:00F6
LOC_135B1			  Near16 MAIN_03:00FB
LOC_135D3			  Near16 MAIN_03:011D
LOC_13630			  Near16 MAIN_03:017A
LOC_1364A			  Near16 MAIN_03:0194
LOC_13659			  Near16 MAIN_03:01A3
LOC_13660			  Near16 MAIN_03:01AA
LOC_13732			  Near16 MAIN_03:027C
LOC_13739			  Near16 MAIN_03:0283
LOC_13771			  Near16 MAIN_03:02BB
LOC_137BE			  Near16 MAIN_03:0308
LOC_137CC			  Near16 MAIN_03:0316
LOC_1387B			  Near16 MAIN_03:03C5
LOC_13888			  Near16 MAIN_03:03D2
LOC_1389C			  Near16 MAIN_03:03E6
LOC_138AF			  Near16 MAIN_03:03F9
LOC_138E7			  Near16 MAIN_03:0431
LOC_138F2			  Near16 MAIN_03:043C
LOC_13903			  Near16 MAIN_03:044D
Turbo Assembler	 Version 5.3	    09-05-26 02:41:13	    Page 30
Symbol Table



LOC_13906			  Near16 MAIN_03:0450
LOC_1395A			  Near16 MAIN_03:04A4
LOC_13979			  Near16 MAIN_03:04C3
LOC_13988			  Near16 MAIN_03:04D2
LOC_13997			  Near16 MAIN_03:04E1
LOC_1399D			  Near16 MAIN_03:04E7
LOC_139AA			  Near16 MAIN_03:04F4
LOC_139C5			  Near16 MAIN_03:050F
LOC_13A09			  Near16 MAIN_03:0553
LOC_13A1D			  Near16 MAIN_03:0567
LOC_13A4B			  Near16 MAIN_03:0595
LOC_13A6B			  Near16 MAIN_03:05B5
LOC_13A85			  Near16 MAIN_03:05CF
LOC_13AA8			  Near16 MAIN_03:05F2
LOC_13AB8			  Near16 MAIN_03:0602
LOC_13B4E			  Near16 MAIN_03:0698
LOC_13B70			  Near16 MAIN_03:06BA
LOC_13C0A			  Near16 MAIN_03:0754
LOC_13C4F			  Near16 MAIN_03:0799
LOC_13C69			  Near16 MAIN_03:07B3
LOC_13C7C			  Near16 MAIN_03:07C6
LOC_13C8E			  Near16 MAIN_03:07D8
LOC_13CE0			  Near16 MAIN_03:082A
LOC_13D63			  Near16 MAIN_03:08AD
LOC_13D7B			  Near16 MAIN_03:08C5
LOC_13D99			  Near16 MAIN_03:08E3
LOC_13D9F			  Near16 MAIN_03:08E9
LOC_13DB5			  Near16 MAIN_03:08FF
LOC_13DCD			  Near16 MAIN_03:0917
LOC_13DF9			  Near16 MAIN_03:0943
LOC_13E28			  Near16 MAIN_03:0972
LOC_13E30			  Near16 MAIN_03:097A
LOC_13E40			  Near16 MAIN_03:098A
LOC_13E4E			  Near16 MAIN_03:0998
LOC_13E5F			  Near16 MAIN_03:09A9
LOC_13E83			  Near16 MAIN_03:09CD
LOC_13E89			  Near16 MAIN_03:09D3
LOC_13E94			  Near16 MAIN_03:09DE
LOC_13E98			  Near16 MAIN_03:09E2
LOC_13EA7			  Near16 MAIN_03:09F1
LOC_13ECA			  Near16 MAIN_03:0A14
LOC_13F18			  Near16 MAIN_03:0A62
LOC_13F2B			  Near16 MAIN_03:0A75
LOC_13F30			  Near16 MAIN_03:0A7A
LOC_13F62			  Near16 MAIN_03:0AAC
LOC_13F66			  Near16 MAIN_03:0AB0
LOC_13F80			  Near16 MAIN_03:0ACA
LOC_13F9D			  Near16 MAIN_03:0AE7
LOC_13FA5			  Near16 MAIN_03:0AEF
LOC_13FB6			  Near16 MAIN_03:0B00
LOC_13FBE			  Near16 MAIN_03:0B08
LOC_13FC6			  Near16 MAIN_03:0B10
LOC_13FCE			  Near16 MAIN_03:0B18
LOC_13FD6			  Near16 MAIN_03:0B20
LOC_14028			  Near16 MAIN_03:0B72
LOC_1402D			  Near16 MAIN_03:0B77
LOC_14039			  Near16 MAIN_03:0B83
LOC_14055			  Near16 MAIN_03:0B9F
LOC_1407D			  Near16 MAIN_03:0BC7
LOC_14083			  Near16 MAIN_03:0BCD
LOC_140AC			  Near16 MAIN_03:0BF6
LOC_140D4			  Near16 MAIN_03:0C1E
LOC_140F2			  Near16 MAIN_03:0C3C
LOC_141A1			  Near16 MAIN_03:0CEB
LOC_141DC			  Near16 MAIN_03:0D26
LOC_141F0			  Near16 MAIN_03:0D3A
LOC_141FF			  Near16 MAIN_03:0D49
LOC_14248			  Near16 MAIN_03:0D92
LOC_1429E			  Near16 MAIN_03:0DE8
LOC_142C3			  Near16 MAIN_03:0E0D
LOC_142D7			  Near16 MAIN_03:0E21
LOC_142E1			  Near16 MAIN_03:0E2B
LOC_14321			  Near16 MAIN_03:0E6B
LOC_1433E			  Near16 MAIN_03:0E88
LOC_14355			  Near16 MAIN_03:0E9F
LOC_1435F			  Near16 MAIN_03:0EA9
LOC_1438D			  Near16 MAIN_03:0ED7
LOC_143AD			  Near16 MAIN_03:0EF7
LOC_143C7			  Near16 MAIN_03:0F11
LOC_143D4			  Near16 MAIN_03:0F1E
LOC_143E1			  Near16 MAIN_03:0F2B
LOC_14428			  Near16 MAIN_03:0F72
LOC_14493			  Near16 MAIN_03:0FDD
LOC_144E6			  Near16 MAIN_03:1030
LOC_144ED			  Near16 MAIN_03:1037
LOC_1459F			  Near16 MAIN_03:10E9
LOC_145B3			  Near16 MAIN_03:10FD
LOC_145CC			  Near16 MAIN_03:1116
LOC_145DB			  Near16 MAIN_03:1125
LOC_145DD			  Near16 MAIN_03:1127
LOC_1461A			  Near16 MAIN_03:1164
LOC_14628			  Near16 MAIN_03:1172
LOC_14689			  Near16 MAIN_03:11D3
Turbo Assembler	 Version 5.3	    09-05-26 02:41:13	    Page 31
Symbol Table



LOC_14699			  Near16 MAIN_03:11E3
LOC_146AE			  Near16 MAIN_03:11F8
LOC_146E0			  Near16 MAIN_03:122A
LOC_146E4			  Near16 MAIN_03:122E
LOC_146E9			  Near16 MAIN_03:1233
LOC_146FB			  Near16 MAIN_03:1245
LOC_14719			  Near16 MAIN_03:1263
LOC_1471D			  Near16 MAIN_03:1267
LOC_14739			  Near16 MAIN_03:1283
LOC_14757			  Near16 MAIN_03:12A1
LOC_147A3			  Near16 MAIN_03:12ED
LOC_147BD			  Near16 MAIN_03:1307
LOC_147C3			  Near16 MAIN_03:130D
LOC_147E2			  Near16 MAIN_03:132C
LOC_147F3			  Near16 MAIN_03:133D
LOC_14822			  Near16 MAIN_03:136C
LOC_14829			  Near16 MAIN_03:1373
LOC_1482F			  Near16 MAIN_03:1379
LOC_1485E			  Near16 MAIN_03:13A8
LOC_1487E			  Near16 MAIN_03:13C8
LOC_1488E			  Near16 MAIN_03:13D8
LOC_1489A			  Near16 MAIN_03:13E4
LOC_148BB			  Near16 MAIN_03:1405
LOC_148CA			  Near16 MAIN_03:1414
LOC_1492B			  Near16 MAIN_03:1475
LOC_1492D			  Near16 MAIN_03:1477
LOC_14954			  Near16 MAIN_03:149E
LOC_14968			  Near16 MAIN_03:14B2
LOC_14978			  Near16 MAIN_03:14C2
LOC_1499E			  Near16 MAIN_03:14E8
LOC_149C4			  Near16 MAIN_03:150E
LOC_149D3			  Near16 MAIN_03:151D
LOC_149F9			  Near16 MAIN_03:1543
LOC_14A12			  Near16 MAIN_03:155C
LOC_14A1C			  Near16 MAIN_03:1566
LOC_14A30			  Near16 MAIN_03:157A
LOC_14A36			  Near16 MAIN_03:1580
LOC_14A64			  Near16 MAIN_03:15AE
LOC_14A9C			  Near16 MAIN_03:15E6
LOC_14AAF			  Near16 MAIN_03:15F9
LOC_14AE9			  Near16 MAIN_03:1633
LOC_14AFB			  Near16 MAIN_03:1645
LOC_14B04			  Near16 MAIN_03:164E
LOC_14B20			  Near16 MAIN_03:166A
LOC_14B23			  Near16 MAIN_03:166D
LOC_14B2B			  Near16 MAIN_03:1675
LOC_14B31			  Near16 MAIN_03:167B
LOC_14B58			  Near16 MAIN_03:16A2
LOC_14B7E			  Near16 MAIN_03:16C8
LOC_14BB4			  Near16 MAIN_03:16FE
LOC_14BC0			  Near16 MAIN_03:170A
LOC_14BEC			  Near16 MAIN_03:1736
LOC_14C14			  Near16 MAIN_03:175E
LOC_14C48			  Near16 MAIN_03:1792
LOC_14C5D			  Near16 MAIN_03:17A7
LOC_14C60			  Near16 MAIN_03:17AA
LOC_14C68			  Near16 MAIN_03:17B2
LOC_14C74			  Near16 MAIN_03:17BE
LOC_14C9D			  Near16 MAIN_03:17E7
LOC_14C9F			  Near16 MAIN_03:17E9
LOC_14CBE			  Near16 MAIN_03:1808
LOC_14CF3			  Near16 MAIN_03:183D
LOC_14D07			  Near16 MAIN_03:1851
LOC_14D3F			  Near16 MAIN_03:1889
LOC_14D54			  Near16 MAIN_03:189E
LOC_14D88			  Near16 MAIN_03:18D2
LOC_14D98			  Near16 MAIN_03:18E2
LOC_14DC8			  Near16 MAIN_03:1912
LOC_14DD4			  Near16 MAIN_03:191E
LOC_14DE2			  Near16 MAIN_03:192C
LOC_14DE4			  Near16 MAIN_03:192E
LOC_14DEE			  Near16 MAIN_03:1938
LOC_14DFA			  Near16 MAIN_03:1944
LOC_14E58			  Near16 MAIN_03:19A2
LOC_14E7B			  Near16 MAIN_03:19C5
LOC_14E83			  Near16 MAIN_03:19CD
LOC_14E8A			  Near16 MAIN_03:19D4
LOC_14E8F			  Near16 MAIN_03:19D9
LOC_14E9B			  Near16 MAIN_03:19E5
LOC_14EC7			  Near16 MAIN_03:1A11
LOC_14ED8			  Near16 MAIN_03:1A22
LOC_14F02			  Near16 MAIN_03:1A4C
LOC_14F13			  Near16 MAIN_03:1A5D
LOC_14F84			  Near16 MAIN_03:1ACE
LOC_14F8F			  Near16 MAIN_03:1AD9
LOC_14FAE			  Near16 MAIN_03:1AF8
LOC_14FEA			  Near16 MAIN_03:1B34
LOC_15038			  Near16 MAIN_03:1B82
LOC_1504B			  Near16 MAIN_03:1B95
LOC_1505F			  Near16 MAIN_03:1BA9
LOC_15084			  Near16 MAIN_03:1BCE
LOC_1508F			  Near16 MAIN_03:1BD9
LOC_15093			  Near16 MAIN_03:1BDD
Turbo Assembler	 Version 5.3	    09-05-26 02:41:13	    Page 32
Symbol Table



LOC_150D1			  Near16 MAIN_03:1C1B
LOC_150EA			  Near16 MAIN_03:1C34
LOC_150EB			  Near16 MAIN_03:1C35
LOC_150F0			  Near16 MAIN_03:1C3A
LOC_1512B			  Near16 MAIN_03:1C75
LOC_15145			  Near16 MAIN_03:1C8F
LOC_1514A			  Near16 MAIN_03:1C94
LOC_1514F			  Near16 MAIN_03:1C99
LOC_15154			  Near16 MAIN_03:1C9E
LOC_15157			  Near16 MAIN_03:1CA1
LOC_15170			  Near16 MAIN_03:1CBA
LOC_15185			  Near16 MAIN_03:1CCF
LOC_151A1			  Near16 MAIN_03:1CEB
LOC_151A6			  Near16 MAIN_03:1CF0
LOC_151AB			  Near16 MAIN_03:1CF5
LOC_151AE			  Near16 MAIN_03:1CF8
LOC_151C5			  Near16 MAIN_03:1D0F
LOC_151CD			  Near16 MAIN_03:1D17
LOC_151D8			  Near16 MAIN_03:1D22
LOC_151EF			  Near16 MAIN_03:1D39
LOC_151F4			  Near16 MAIN_03:1D3E
LOC_151F7			  Near16 MAIN_03:1D41
LOC_15203			  Near16 MAIN_03:1D4D
LOC_15206			  Near16 MAIN_03:1D50
LOC_1520C			  Near16 MAIN_03:1D56
LOC_15296			  Near16 MAIN_03:1DE0
LOC_152FF			  Near16 MAIN_03:1E49
LOC_1530E			  Near16 MAIN_03:1E58
LOC_15326			  Near16 MAIN_03:1E70
LOC_15330			  Near16 MAIN_03:1E7A
LOC_15337			  Near16 MAIN_03:1E81
LOC_1535D			  Near16 MAIN_03:1EA7
LOC_15361			  Near16 MAIN_03:1EAB
LOC_15366			  Near16 MAIN_03:1EB0
LOC_15393			  Near16 MAIN_03:1EDD
LOC_153D5			  Near16 MAIN_03:1F1F
LOC_153F5			  Near16 MAIN_03:1F3F
LOC_153F9			  Near16 MAIN_03:1F43
LOC_15427			  Near16 MAIN_03:1F71
LOC_1544C			  Near16 MAIN_03:1F96
LOC_1549B			  Near16 MAIN_03:1FE5
LOC_154A0			  Near16 MAIN_03:1FEA
LOC_154CD			  Near16 MAIN_03:2017
LOC_15514			  Near16 MAIN_03:205E
LOC_15519			  Near16 MAIN_03:2063
LOC_15521			  Near16 MAIN_03:206B
LOC_15529			  Near16 MAIN_03:2073
LOC_1554D			  Near16 MAIN_03:2097
LOC_1559C			  Near16 MAIN_03:20E6
LOC_1559E			  Near16 MAIN_03:20E8
LOC_155AD			  Near16 MAIN_03:20F7
LOC_155C0			  Near16 MAIN_03:210A
LOC_155F3			  Near16 MAIN_03:213D
LOC_15632			  Near16 MAIN_03:217C
LOC_15637			  Near16 MAIN_03:2181
LOC_1563C			  Near16 MAIN_03:2186
LOC_1563F			  Near16 MAIN_03:2189
LOC_15657			  Near16 MAIN_03:21A1
LOC_15663			  Near16 MAIN_03:21AD
LOC_15668			  Near16 MAIN_03:21B2
LOC_15683			  Near16 MAIN_03:21CD
LOC_156BE			  Near16 MAIN_03:2208
LOC_156F7			  Near16 MAIN_03:2241
LOC_15721			  Near16 MAIN_03:226B
LOC_1577A			  Near16 MAIN_03:22C4
LOC_1579B			  Near16 MAIN_03:22E5
LOC_15849			  Near16 MAIN_03:2393
LOC_158C0			  Near16 MAIN_03:240A
LOC_158CD			  Near16 MAIN_03:2417
LOC_158D2			  Near16 MAIN_03:241C
LOC_1594A			  Near16 MAIN_03:2494
LOC_159A4			  Near16 MAIN_03:24EE
LOC_15A38			  Near16 MAIN_03:2582
LOC_15A54			  Near16 MAIN_03:259E
LOC_15A8A			  Near16 MAIN_03:25D4
LOC_15ABA			  Near16 MAIN_03:2604
LOC_15AD0			  Near16 MAIN_03:261A
LOC_15B57			  Near16 MAIN_03:26A1
LOC_15B65			  Near16 MAIN_03:26AF
LOC_15BC2			  Near16 MAIN_03:270C
LOC_15C25			  Near16 MAIN_03:276F
LOC_15C67			  Near16 MAIN_03:27B1
LOC_15C95			  Near16 MAIN_03:27DF
LOC_15CBC			  Near16 MAIN_03:2806
LOC_15D1C			  Near16 MAIN_03:2866
LOC_15D4C			  Near16 MAIN_03:2896
LOC_15D51			  Near16 MAIN_03:289B
LOC_15D53			  Near16 MAIN_03:289D
LOC_15D7E			  Near16 MAIN_03:28C8
LOC_15D80			  Near16 MAIN_03:28CA
LOC_15D83			  Near16 MAIN_03:28CD
LOC_15D9A			  Near16 MAIN_03:28E4
LOC_15DB7			  Near16 MAIN_03:2901
Turbo Assembler	 Version 5.3	    09-05-26 02:41:13	    Page 33
Symbol Table



LOC_15DD7			  Near16 MAIN_03:2921
LOC_15DF2			  Near16 MAIN_03:293C
LOC_15E19			  Near16 MAIN_03:2963
LOC_15E4D			  Near16 MAIN_03:2997
LOC_15E74			  Near16 MAIN_03:29BE
LOC_15E7B			  Near16 MAIN_03:29C5
LOC_15E81			  Near16 MAIN_03:29CB
LOC_15EA2			  Near16 MAIN_03:29EC
LOC_15EAD			  Near16 MAIN_03:29F7
LOC_15EB9			  Near16 MAIN_03:2A03
LOC_15EE7			  Near16 MAIN_03:2A31
LOC_15EF5			  Near16 MAIN_03:2A3F
LOC_15F06			  Near16 MAIN_03:2A50
LOC_15F19			  Near16 MAIN_03:2A63
LOC_15F1B			  Near16 MAIN_03:2A65
LOC_15F1E			  Near16 MAIN_03:2A68
LOC_15F37			  Near16 MAIN_03:2A81
LOC_15F4B			  Near16 MAIN_03:2A95
LOC_15F65			  Near16 MAIN_03:2AAF
LOC_15F6B			  Near16 MAIN_03:2AB5
LOC_15F93			  Near16 MAIN_03:2ADD
LOC_15FB7			  Near16 MAIN_03:2B01
LOC_15FCF			  Near16 MAIN_03:2B19
LOC_15FFD			  Near16 MAIN_03:2B47
LOC_1601A			  Near16 MAIN_03:2B64
LOC_1602E			  Near16 MAIN_03:2B78
LOC_16042			  Near16 MAIN_03:2B8C
LOC_1604A			  Near16 MAIN_03:2B94
LOC_1607A			  Near16 MAIN_03:2BC4
LOC_16122			  Near16 MAIN_03:2C6C
LOC_16146			  Near16 MAIN_03:2C90
LOC_16172			  Near16 MAIN_03:2CBC
LOC_1619A			  Near16 MAIN_03:2CE4
LOC_161B9			  Near16 MAIN_03:2D03
LOC_161D0			  Near16 MAIN_03:2D1A
LOC_161EE			  Near16 MAIN_03:2D38
LOC_162B2			  Near16 MAIN_03:2DFC
LOC_162D1			  Near16 MAIN_03:2E1B
LOC_16300			  Near16 MAIN_03:2E4A
LOC_16325			  Near16 MAIN_03:2E6F
LOC_1634B			  Near16 MAIN_03:2E95
LOC_16374			  Near16 MAIN_03:2EBE
LOC_1637C			  Near16 MAIN_03:2EC6
LOC_163CB			  Near16 MAIN_03:2F15
LOC_163EC			  Near16 MAIN_03:2F36
LOC_16417			  Near16 MAIN_03:2F61
LOC_1641D			  Near16 MAIN_03:2F67
LOC_16441			  Near16 MAIN_03:2F8B
LOC_16458			  Near16 MAIN_03:2FA2
LOC_164AD			  Near16 MAIN_03:2FF7
LOC_164E3			  Near16 MAIN_03:302D
LOC_1650B			  Near16 MAIN_03:3055
LOC_1651C			  Near16 MAIN_03:3066
LOC_1652F			  Near16 MAIN_03:3079
LOC_16540			  Near16 MAIN_03:308A
LOC_1656B			  Near16 MAIN_03:30B5
LOC_16589			  Near16 MAIN_03:30D3
LOC_165A3			  Near16 MAIN_03:30ED
LOC_165B4			  Near16 MAIN_03:30FE
LOC_165C7			  Near16 MAIN_03:3111
LOC_165C9			  Near16 MAIN_03:3113
LOC_165CC			  Near16 MAIN_03:3116
LOC_165E8			  Near16 MAIN_03:3132
LOC_165F0			  Near16 MAIN_03:313A
LOC_165FC			  Near16 MAIN_03:3146
LOC_16602			  Near16 MAIN_03:314C
LOC_1661C			  Near16 MAIN_03:3166
LOC_16636			  Near16 MAIN_03:3180
LOC_1664E			  Near16 MAIN_03:3198
LOC_16666			  Near16 MAIN_03:31B0
LOC_1668C			  Near16 MAIN_03:31D6
LOC_166A4			  Near16 MAIN_03:31EE
LOC_166BE			  Near16 MAIN_03:3208
LOC_166DC			  Near16 MAIN_03:3226
LOC_166F6			  Near16 MAIN_03:3240
LOC_166FC			  Near16 MAIN_03:3246
LOC_16702			  Near16 MAIN_03:324C
LOC_16706			  Near16 MAIN_03:3250
LOC_16725			  Near16 MAIN_03:326F
LOC_16742			  Near16 MAIN_03:328C
LOC_167A0			  Near16 MAIN_03:32EA
LOC_167C3			  Near16 MAIN_03:330D
LOC_167D0			  Near16 MAIN_03:331A
LOC_167E6			  Near16 MAIN_03:3330
LOC_16825			  Near16 MAIN_03:336F
LOC_16838			  Near16 MAIN_03:3382
LOC_16868			  Near16 MAIN_03:33B2
LOC_1689F			  Near16 MAIN_03:33E9
LOC_168D5			  Near16 MAIN_03:341F
LOC_168DC			  Near16 MAIN_03:3426
LOC_168E7			  Near16 MAIN_03:3431
LOC_1691C			  Near16 MAIN_03:3466
LOC_16948			  Near16 MAIN_03:3492
Turbo Assembler	 Version 5.3	    09-05-26 02:41:13	    Page 34
Symbol Table



LOC_16962			  Near16 MAIN_03:34AC
LOC_16968			  Near16 MAIN_03:34B2
LOC_16A66			  Near16 MAIN_03:35B0
LOC_16A72			  Near16 MAIN_03:35BC
LOC_16A7D			  Near16 MAIN_03:35C7
LOC_16B9F			  Near16 MAIN_03:36E9
LOC_16C2A			  Near16 MAIN_03:3774
LOC_16C2D			  Near16 MAIN_03:3777
LOC_16D3E			  Near16 MAIN_03:3888
LOC_16D40			  Near16 MAIN_03:388A
LOC_16D96			  Near16 MAIN_03:38E0
LOC_16DC4			  Near16 MAIN_03:390E
LOC_16E08			  Near16 MAIN_03:3952
LOC_16E29			  Near16 MAIN_03:3973
LOC_16E2A			  Near16 MAIN_03:3974
LOC_16E2F			  Near16 MAIN_03:3979
LOC_16E30			  Near16 MAIN_03:397A
LOC_16E39			  Near16 MAIN_03:3983
LOC_16E80			  Near16 MAIN_03:39CA
LOC_16EAC			  Near16 MAIN_03:39F6
LOC_16EB6			  Near16 MAIN_03:3A00
LOC_16EC9			  Near16 MAIN_03:3A13
LOC_16EDC			  Near16 MAIN_03:3A26
LOC_16EE3			  Near16 MAIN_03:3A2D
LOC_16F0F			  Near16 MAIN_03:3A59
LOC_16F19			  Near16 MAIN_03:3A63
LOC_16F6A			  Near16 MAIN_03:3AB4
LOC_16F79			  Near16 MAIN_03:3AC3
LOC_16F7C			  Near16 MAIN_03:3AC6
LOC_16FAA			  Near16 MAIN_03:3AF4
LOC_16FB6			  Near16 MAIN_03:3B00
LOC_16FC0			  Near16 MAIN_03:3B0A
LOC_16FD2			  Near16 MAIN_03:3B1C
LOC_16FE7			  Near16 MAIN_03:3B31
LOC_16FE9			  Near16 MAIN_03:3B33
LOC_16FFA			  Near16 MAIN_03:3B44
LOC_17008			  Near16 MAIN_03:3B52
LOC_1700A			  Near16 MAIN_03:3B54
LOC_1701B			  Near16 MAIN_03:3B65
LOC_17025			  Near16 MAIN_03:3B6F
LOC_1705E			  Near16 MAIN_03:3BA8
LOC_170BF			  Near16 MAIN_03:3C09
LOC_170C1			  Near16 MAIN_03:3C0B
LOC_170CF			  Near16 MAIN_03:3C19
LOC_17128			  Near16 MAIN_03:3C72
LOC_17136			  Near16 MAIN_03:3C80
LOC_17157			  Near16 MAIN_03:3CA1
LOC_1715F			  Near16 MAIN_03:3CA9
LOC_17177			  Near16 MAIN_03:3CC1
LOC_1719F			  Near16 MAIN_03:3CE9
LOC_171D0			  Near16 MAIN_03:3D1A
LOC_17226			  Near16 MAIN_03:3D70
LOC_17244			  Near16 MAIN_03:3D8E
LOC_1728A			  Near16 MAIN_03:3DD4
LOC_172A8			  Near16 MAIN_03:3DF2
LOC_172FF			  Near16 MAIN_03:3E49
LOC_1731C			  Near16 MAIN_03:3E66
LOC_17353			  Near16 MAIN_03:3E9D
LOC_1735B			  Near16 MAIN_03:3EA5
LOC_17361			  Near16 MAIN_03:3EAB
LOC_17398			  Near16 MAIN_03:3EE2
LOC_173A5			  Near16 MAIN_03:3EEF
LOC_173AB			  Near16 MAIN_03:3EF5
LOC_173C9			  Near16 MAIN_03:3F13
LOC_173D5			  Near16 MAIN_03:3F1F
LOC_173E1			  Near16 MAIN_03:3F2B
LOC_17404			  Near16 MAIN_03:3F4E
LOC_17427			  Near16 MAIN_03:3F71
LOC_17432			  Near16 MAIN_03:3F7C
LOC_17452			  Near16 MAIN_03:3F9C
LOC_1745D			  Near16 MAIN_03:3FA7
LOC_17468			  Near16 MAIN_03:3FB2
LOC_17473			  Near16 MAIN_03:3FBD
LOC_1747D			  Near16 MAIN_03:3FC7
LOC_174B0			  Near16 MAIN_03:3FFA
LOC_174DD			  Near16 MAIN_03:4027
LOC_174E1			  Near16 MAIN_03:402B
LOC_174F2			  Near16 MAIN_03:403C
LOC_174FC			  Near16 MAIN_03:4046
LOC_175D1			  Near16 MAIN_03:411B
LOC_175FD			  Near16 MAIN_03:4147
LOC_175FF			  Near16 MAIN_03:4149
LOC_17635			  Near16 MAIN_03:417F
LOC_1764B			  Near16 MAIN_03:4195
LOC_1765D			  Near16 MAIN_03:41A7
LOC_1766A			  Near16 MAIN_03:41B4
LOC_17697			  Near16 MAIN_03:41E1
LOC_176E6			  Near16 MAIN_03:4230
LOC_176F6			  Near16 MAIN_03:4240
LOC_17729			  Near16 MAIN_03:4273
LOC_17734			  Near16 MAIN_03:427E
LOC_1774D			  Near16 MAIN_03:4297
LOC_17758			  Near16 MAIN_03:42A2
Turbo Assembler	 Version 5.3	    09-05-26 02:41:13	    Page 35
Symbol Table



LOC_177A0			  Near16 MAIN_03:42EA
LOC_177CE			  Near16 MAIN_03:4318
LOC_177EB			  Near16 MAIN_03:4335
LOC_1780E			  Near16 MAIN_03:4358
LOC_17854			  Near16 MAIN_03:439E
LOC_17864			  Near16 MAIN_03:43AE
LOC_1789D			  Near16 MAIN_03:43E7
LOC_178A8			  Near16 MAIN_03:43F2
LOC_178C0			  Near16 MAIN_03:440A
LOC_178C8			  Near16 MAIN_03:4412
LOC_178E9			  Near16 MAIN_03:4433
LOC_17913			  Near16 MAIN_03:445D
LOC_1792B			  Near16 MAIN_03:4475
LOC_17933			  Near16 MAIN_03:447D
LOC_17953			  Near16 MAIN_03:449D
LOC_1795F			  Near16 MAIN_03:44A9
LOC_17964			  Near16 MAIN_03:44AE
LOC_1796A			  Near16 MAIN_03:44B4
LOC_1798E			  Near16 MAIN_03:44D8
LOC_179EC			  Near16 MAIN_03:4536
LOC_17A46			  Near16 MAIN_03:4590
LOC_17A49			  Near16 MAIN_03:4593
LOC_17A5C			  Near16 MAIN_03:45A6
LOC_17A72			  Near16 MAIN_03:45BC
LOC_17A73			  Near16 MAIN_03:45BD
LOC_17AA9			  Near16 MAIN_03:45F3
LOC_17B24			  Near16 MAIN_03:466E
LOC_17B59			  Near16 MAIN_03:46A3
LOC_17B5F			  Near16 MAIN_03:46A9
LOC_17CF9			  Near16 MAIN_03:4843
LOC_17D68			  Near16 MAIN_03:48B2
LOC_17D7A			  Near16 MAIN_03:48C4
LOC_17E50			  Near16 MAIN_03:499A
LOC_17E86			  Near16 MAIN_03:49D0
LOC_17E87			  Near16 MAIN_03:49D1
LOC_17E9A			  Near16 MAIN_03:49E4
LOC_17F1C			  Near16 MAIN_03:4A66
LOC_17F1D			  Near16 MAIN_03:4A67
LOC_17F82			  Near16 MAIN_03:4ACC
LOC_17FB3			  Near16 MAIN_03:4AFD
LOC_17FCC			  Near16 MAIN_03:4B16
LOC_18004			  Near16 MAIN_03:4B4E
LOC_1800B			  Near16 MAIN_03:4B55
LOC_1801A			  Near16 MAIN_03:4B64
LOC_18021			  Near16 MAIN_03:4B6B
LOC_18024			  Near16 MAIN_03:4B6E
LOC_18033			  Near16 MAIN_03:4B7D
LOC_180A8			  Near16 MAIN_03:4BF2
LOC_180D1			  Near16 MAIN_03:4C1B
LOC_1810A			  Near16 MAIN_03:4C54
LOC_18125			  Near16 MAIN_03:4C6F
LOC_18142			  Near16 MAIN_03:4C8C
LOC_1815F			  Near16 MAIN_03:4CA9
LOC_18170			  Near16 MAIN_03:4CBA
LOC_181B1			  Near16 MAIN_03:4CFB
LOC_181E5			  Near16 MAIN_03:4D2F
LOC_181E8			  Near16 MAIN_03:4D32
LOC_181F1			  Near16 MAIN_03:4D3B
LOC_1821A			  Near16 MAIN_03:4D64
LOC_18246			  Near16 MAIN_03:4D90
LOC_1829D			  Near16 MAIN_03:4DE7
LOC_182AD			  Near16 MAIN_03:4DF7
LOC_182C2			  Near16 MAIN_03:4E0C
LOC_182DD			  Near16 MAIN_03:4E27
LOC_1834B			  Near16 MAIN_03:4E95
LOC_18359			  Near16 MAIN_03:4EA3
LOC_1835E			  Near16 MAIN_03:4EA8
LOC_1836D			  Near16 MAIN_03:4EB7
LOC_1838D			  Near16 MAIN_03:4ED7
LOC_183AE			  Near16 MAIN_03:4EF8
LOC_183B2			  Near16 MAIN_03:4EFC
LOC_183C6			  Near16 MAIN_03:4F10
LOC_183CC			  Near16 MAIN_03:4F16
LOC_18424			  Near16 MAIN_03:4F6E
LOC_18451			  Near16 MAIN_03:4F9B
LOC_184D4			  Near16 MAIN_03:501E
LOC_184E2			  Near16 MAIN_03:502C
LOC_184FB			  Near16 MAIN_03:5045
LOC_1857B			  Near16 MAIN_03:50C5
LOC_18589			  Near16 MAIN_03:50D3
LOC_185C5			  Near16 MAIN_03:510F
LOC_185EA			  Near16 MAIN_03:5134
LOC_18631			  Near16 MAIN_03:517B
LOC_18645			  Near16 MAIN_03:518F
LOC_18661			  Near16 MAIN_03:51AB
LOC_1867A			  Near16 MAIN_03:51C4
LOC_18691			  Near16 MAIN_03:51DB
LOC_186AD			  Near16 MAIN_03:51F7
LOC_186C2			  Near16 MAIN_03:520C
LOC_186C7			  Near16 MAIN_03:5211
LOC_186CA			  Near16 MAIN_03:5214
LOC_1870B			  Near16 MAIN_03:5255
LOC_18746			  Near16 MAIN_03:5290
Turbo Assembler	 Version 5.3	    09-05-26 02:41:13	    Page 36
Symbol Table



LOC_1875F			  Near16 MAIN_03:52A9
LOC_18770			  Near16 MAIN_03:52BA
LOC_18783			  Near16 MAIN_03:52CD
LOC_18791			  Near16 MAIN_03:52DB
LOC_1879E			  Near16 MAIN_03:52E8
LOC_187DF			  Near16 MAIN_03:5329
LOC_187E6			  Near16 MAIN_03:5330
LOC_187F4			  Near16 MAIN_03:533E
LOC_18806			  Near16 MAIN_03:5350
LOC_18811			  Near16 MAIN_03:535B
LOC_18891			  Near16 MAIN_03:53DB
LOC_1889C			  Near16 MAIN_03:53E6
LOC_188A4			  Near16 MAIN_03:53EE
LOC_188F8			  Near16 MAIN_03:5442
LOC_18932			  Near16 MAIN_03:547C
LOC_18935			  Near16 MAIN_03:547F
LOC_1893E			  Near16 MAIN_03:5488
LOC_1895D			  Near16 MAIN_03:54A7
LOC_18985			  Near16 MAIN_03:54CF
LOC_18993			  Near16 MAIN_03:54DD
LOC_189A5			  Near16 MAIN_03:54EF
LOC_189BE			  Near16 MAIN_03:5508
LOC_189D0			  Near16 MAIN_03:551A
LOC_189DC			  Near16 MAIN_03:5526
LOC_18A19			  Near16 MAIN_03:5563
LOC_18A48			  Near16 MAIN_03:5592
LOC_18A4B			  Near16 MAIN_03:5595
LOC_18A53			  Near16 MAIN_03:559D
LOC_18A71			  Near16 MAIN_03:55BB
LOC_18A93			  Near16 MAIN_03:55DD
LOC_18AB8			  Near16 MAIN_03:5602
LOC_18ADD			  Near16 MAIN_03:5627
LOC_18B0D			  Near16 MAIN_03:5657
LOC_18B3D			  Near16 MAIN_03:5687
LOC_18B49			  Near16 MAIN_03:5693
LOC_18B99			  Near16 MAIN_03:56E3
LOC_18BCB			  Near16 MAIN_03:5715
LOC_18BFC			  Near16 MAIN_03:5746
LOC_18C0F			  Near16 MAIN_03:5759
LOC_18C39			  Near16 MAIN_03:5783
LOC_18C43			  Near16 MAIN_03:578D
LOC_18C48			  Near16 MAIN_03:5792
LOC_18C77			  Near16 MAIN_03:57C1
LOC_18C7A			  Near16 MAIN_03:57C4
LOC_18C82			  Near16 MAIN_03:57CC
LOC_18C9B			  Near16 MAIN_03:57E5
LOC_18CDF			  Near16 MAIN_03:5829
LOC_18CE1			  Near16 MAIN_03:582B
LOC_18CEE			  Near16 MAIN_03:5838
LOC_18D75			  Near16 MAIN_03:58BF
LOC_18D9C			  Near16 MAIN_03:58E6
LOC_18DA9			  Near16 MAIN_03:58F3
LOC_18DC9			  Near16 MAIN_03:5913
LOC_18DD2			  Near16 MAIN_03:591C
LOC_18DDE			  Near16 MAIN_03:5928
LOC_18E0D			  Near16 MAIN_03:5957
LOC_18E10			  Near16 MAIN_03:595A
LOC_18E18			  Near16 MAIN_03:5962
LOC_18E31			  Near16 MAIN_03:597B
LOC_18E54			  Near16 MAIN_03:599E
LOC_18E89			  Near16 MAIN_03:59D3
LOC_18EAA			  Near16 MAIN_03:59F4
LOC_18EB6			  Near16 MAIN_03:5A00
LOC_18F05			  Near16 MAIN_03:5A4F
LOC_18F32			  Near16 MAIN_03:5A7C
LOC_18FB5			  Near16 MAIN_03:5AFF
LOC_18FC3			  Near16 MAIN_03:5B0D
LOC_18FD3			  Near16 MAIN_03:5B1D
LOC_190E3			  Near16 MAIN_03:5C2D
LOC_190EF			  Near16 MAIN_03:5C39
LOC_19127			  Near16 MAIN_03:5C71
LOC_1912F			  Near16 MAIN_03:5C79
LOC_19149			  Near16 MAIN_03:5C93
LOC_19157			  Near16 MAIN_03:5CA1
LOC_19169			  Near16 MAIN_03:5CB3
LOC_1918B			  Near16 MAIN_03:5CD5
LOC_191C4			  Near16 MAIN_03:5D0E
LOC_191CA			  Near16 MAIN_03:5D14
LOC_1920E			  Near16 MAIN_03:5D58
LOC_192CA			  Near16 MAIN_03:5E14
LOC_192FF			  Near16 MAIN_03:5E49
LOC_19338			  Near16 MAIN_03:5E82
LOC_1934B			  Near16 MAIN_03:5E95
LOC_19351			  Near16 MAIN_03:5E9B
LOC_1937A			  Near16 MAIN_03:5EC4
LOC_19391			  Near16 MAIN_03:5EDB
LOC_1939C			  Near16 MAIN_03:5EE6
LOC_193A2			  Near16 MAIN_03:5EEC
LOC_193C3			  Near16 MAIN_03:5F0D
LOC_193D5			  Near16 MAIN_03:5F1F
LOC_193E8			  Near16 MAIN_03:5F32
LOC_193FD			  Near16 MAIN_03:5F47
LOC_19408			  Near16 MAIN_03:5F52
Turbo Assembler	 Version 5.3	    09-05-26 02:41:13	    Page 37
Symbol Table



LOC_1940A			  Near16 MAIN_03:5F54
LOC_1941F			  Near16 MAIN_03:5F69
LOC_19430			  Near16 MAIN_03:5F7A
LOC_19443			  Near16 MAIN_03:5F8D
LOC_19453			  Near16 MAIN_03:5F9D
LOC_194E9			  Near16 MAIN_03:6033
LOC_19502			  Near16 MAIN_03:604C
LOC_1950F			  Near16 MAIN_03:6059
LOC_19526			  Near16 MAIN_03:6070
LOC_1953B			  Near16 MAIN_03:6085
LOC_195CB			  Near16 MAIN_03:6115
LOC_195E5			  Near16 MAIN_03:612F
LOC_195EA			  Near16 MAIN_03:6134
LOC_195EF			  Near16 MAIN_03:6139
LOC_195F2			  Near16 MAIN_03:613C
LOC_195F8			  Near16 MAIN_03:6142
LOC_19676			  Near16 MAIN_03:61C0
LOC_19690			  Near16 MAIN_03:61DA
LOC_19695			  Near16 MAIN_03:61DF
LOC_1969A			  Near16 MAIN_03:61E4
LOC_1969D			  Near16 MAIN_03:61E7
LOC_196A3			  Near16 MAIN_03:61ED
LOC_19728			  Near16 MAIN_03:6272
LOC_19743			  Near16 MAIN_03:628D
LOC_1975D			  Near16 MAIN_03:62A7
LOC_19762			  Near16 MAIN_03:62AC
LOC_19767			  Near16 MAIN_03:62B1
LOC_1976A			  Near16 MAIN_03:62B4
LOC_19770			  Near16 MAIN_03:62BA
LOC_1980A			  Near16 MAIN_03:6354
LOC_19821			  Near16 MAIN_03:636B
LOC_19826			  Near16 MAIN_03:6370
LOC_1982B			  Near16 MAIN_03:6375
LOC_19830			  Near16 MAIN_03:637A
LOC_19835			  Near16 MAIN_03:637F
LOC_1983A			  Near16 MAIN_03:6384
LOC_1983F			  Near16 MAIN_03:6389
LOC_19844			  Near16 MAIN_03:638E
LOC_19849			  Near16 MAIN_03:6393
LOC_1984C			  Near16 MAIN_03:6396
LOC_19851			  Near16 MAIN_03:639B
LOC_1986B			  Near16 MAIN_03:63B5
LOC_19870			  Near16 MAIN_03:63BA
LOC_19875			  Near16 MAIN_03:63BF
LOC_19878			  Near16 MAIN_03:63C2
LOC_1988A			  Near16 MAIN_03:63D4
LOC_1989F			  Near16 MAIN_03:63E9
LOC_198A2			  Near16 MAIN_03:63EC
LOC_198A8			  Near16 MAIN_03:63F2
LOC_19924			  Near16 MAIN_03:646E
LOC_19930			  Near16 MAIN_03:647A
LOC_19C02			  Near16 MAIN_03:024F
LOC_19C0D			  Near16 MAIN_03:025A
LOC_19C41			  Near16 MAIN_03:028E
LOC_19C4A			  Near16 MAIN_03:0297
LOC_19D48			  Near16 MAIN_03:0395
LOC_19E2A			  Near16 MAIN_03:0477
LOC_19EA7			  Near16 MAIN_03:04F4
LOC_19EB4			  Near16 MAIN_03:0501
LOC_19EBC			  Near16 MAIN_03:0509
LOC_19ECA			  Near16 MAIN_03:0517
LOC_19EE0			  Near16 MAIN_03:052D
LOC_19EE4			  Near16 MAIN_03:0531
LOC_19EEF			  Near16 MAIN_03:053C
LOC_19F68			  Near16 MAIN_03:05B5
LOC_19F72			  Near16 MAIN_03:05BF
LOC_19F9E			  Near16 MAIN_03:05EB
LOC_19FAC			  Near16 MAIN_03:05F9
LOC_19FDA			  Near16 MAIN_03:0627
LOC_1A021			  Near16 MAIN_03:066E
LOC_1A033			  Near16 MAIN_03:0680
LOC_1A040			  Near16 MAIN_03:068D
LOC_1A07E			  Near16 MAIN_03:06CB
LOC_1A0B6			  Near16 MAIN_03:0703
LOC_1A0B9			  Near16 MAIN_03:0706
LOC_1A0CA			  Near16 MAIN_03:0717
LOC_1A101			  Near16 MAIN_03:074E
LOC_1A12B			  Near16 MAIN_03:0778
LOC_1A12D			  Near16 MAIN_03:077A
LOC_1A17C			  Near16 MAIN_03:07C9
LOC_1A1B4			  Near16 MAIN_03:0801
LOC_1A1D5			  Near16 MAIN_03:0822
LOC_1A1F7			  Near16 MAIN_03:0844
LOC_1A1FC			  Near16 MAIN_03:0849
LOC_1A234			  Near16 MAIN_03:0881
LOC_1A240			  Near16 MAIN_03:088D
LOC_1A280			  Near16 MAIN_03:08CD
LOC_1A283			  Near16 MAIN_03:08D0
LOC_1A296			  Near16 MAIN_03:08E3
LOC_1A30A			  Near16 MAIN_03:0957
LOC_1A341			  Near16 MAIN_03:098E
LOC_1A362			  Near16 MAIN_03:09AF
LOC_1A368			  Near16 MAIN_03:09B5
Turbo Assembler	 Version 5.3	    09-05-26 02:41:13	    Page 38
Symbol Table



LOC_1A38C			  Near16 MAIN_03:09D9
LOC_1A391			  Near16 MAIN_03:09DE
LOC_1A396			  Near16 MAIN_03:09E3
LOC_1A39B			  Near16 MAIN_03:09E8
LOC_1A3A0			  Near16 MAIN_03:09ED
LOC_1A3A3			  Near16 MAIN_03:09F0
LOC_1A3DC			  Near16 MAIN_03:0A29
LOC_1A3EB			  Near16 MAIN_03:0A38
LOC_1A405			  Near16 MAIN_03:0A52
LOC_1A411			  Near16 MAIN_03:0A5E
LOC_1A434			  Near16 MAIN_03:0A81
LOC_1A438			  Near16 MAIN_03:0A85
LOC_1A457			  Near16 MAIN_03:0AA4
LOC_1A45F			  Near16 MAIN_03:0AAC
LOC_1A48B			  Near16 MAIN_03:0AD8
LOC_1A49D			  Near16 MAIN_03:0AEA
LOC_1A4E3			  Near16 MAIN_03:0B30
LOC_1A508			  Near16 MAIN_03:0B55
LOC_1A54E			  Near16 MAIN_03:0B9B
LOC_1A613			  Near16 MAIN_03:0C60
LOC_1A697			  Near16 MAIN_03:0CE4
LOC_1A6B2			  Near16 MAIN_03:0CFF
LOC_1A9FB			  Near16 MAIN_03:1048
LOC_1AA1A			  Near16 MAIN_03:1067
LOC_1AAB1			  Near16 MAIN_03:10FE
LOC_1AABB			  Near16 MAIN_03:1108
LOC_1AAD6			  Near16 MAIN_03:1123
LOC_1AB43			  Near16 MAIN_03:1190
LOC_1ABD1			  Near16 MAIN_03:121E
LOC_1ABEE			  Near16 MAIN_03:123B
LOC_1AC6B			  Near16 MAIN_03:12B8
LOC_1AC6C			  Near16 MAIN_03:12B9
LOC_1ACAA			  Near16 MAIN_03:12F7
LOC_1ACD5			  Near16 MAIN_03:1322
LOC_1AD16			  Near16 MAIN_03:1363
LOC_1AD54			  Near16 MAIN_03:13A1
LOC_1AD64			  Near16 MAIN_03:13B1
LOC_1AD7B			  Near16 MAIN_03:13C8
LOC_1AD7D			  Near16 MAIN_03:13CA
LOC_1AE74			  Near16 MAIN_03:14C1
LOC_1AE94			  Near16 MAIN_03:14E1
LOC_1AF06			  Near16 MAIN_03:1553
LOC_1AF15			  Near16 MAIN_03:1562
LOC_1AF4B			  Near16 MAIN_03:1598
LOC_1AF52			  Near16 MAIN_03:159F
LOC_1AF61			  Near16 MAIN_03:15AE
LOC_1AF67			  Near16 MAIN_03:15B4
LOC_1AF8F			  Near16 MAIN_03:15DC
LOC_1AFA2			  Near16 MAIN_03:15EF
LOC_1AFD8			  Near16 MAIN_03:1625
LOC_1AFDF			  Near16 MAIN_03:162C
LOC_1AFEE			  Near16 MAIN_03:163B
LOC_1AFF4			  Near16 MAIN_03:1641
LOC_1AFFB			  Near16 MAIN_03:1648
LOC_1B021			  Near16 MAIN_03:166E
LOC_1B03E			  Near16 MAIN_03:168B
LOC_1B056			  Near16 MAIN_03:16A3
LOC_1B057			  Near16 MAIN_03:16A4
LOC_1B06F			  Near16 MAIN_03:16BC
LOC_1B0D7			  Near16 MAIN_03:1724
LOC_1B0E5			  Near16 MAIN_03:1732
LOC_1B163			  Near16 MAIN_03:17B0
LOC_1B16F			  Near16 MAIN_03:17BC
LOC_1B191			  Near16 MAIN_03:17DE
LOC_1B192			  Near16 MAIN_03:17DF
LOC_1B1B9			  Near16 MAIN_03:1806
LOC_1B1D2			  Near16 MAIN_03:181F
LOC_1B1EB			  Near16 MAIN_03:1838
LOC_1B204			  Near16 MAIN_03:1851
LOC_1B212			  Near16 MAIN_03:185F
LOC_1B234			  Near16 MAIN_03:1881
LOC_1B267			  Near16 MAIN_03:18B4
LOC_1B27A			  Near16 MAIN_03:18C7
LOC_1B2C6			  Near16 MAIN_03:1913
LOC_1B2DC			  Near16 MAIN_03:1929
LOC_1B2E7			  Near16 MAIN_03:1934
LOC_1B30A			  Near16 MAIN_03:1957
LOC_1B349			  Near16 MAIN_03:1996
LOC_1B35D			  Near16 MAIN_03:19AA
LOC_1B39A			  Near16 MAIN_03:19E7
LOC_1B3A8			  Near16 MAIN_03:19F5
LOC_1B3DC			  Near16 MAIN_03:1A29
LOC_1B3E7			  Near16 MAIN_03:1A34
LOC_1B46C			  Near16 MAIN_03:1AB9
LOC_1B46D			  Near16 MAIN_03:1ABA
LOC_1B4A2			  Near16 MAIN_03:1AEF
LOC_1B4C1			  Near16 MAIN_03:1B0E
LOC_1B513			  Near16 MAIN_03:1B60
LOC_1B51B			  Near16 MAIN_03:1B68
LOC_1B52F			  Near16 MAIN_03:1B7C
LOC_1B53E			  Near16 MAIN_03:1B8B
LOC_1B54B			  Near16 MAIN_03:1B98
LOC_1B551			  Near16 MAIN_03:1B9E
Turbo Assembler	 Version 5.3	    09-05-26 02:41:13	    Page 39
Symbol Table



LOC_1B579			  Near16 MAIN_03:1BC6
LOC_1B57B			  Near16 MAIN_03:1BC8
LOC_1B592			  Near16 MAIN_03:1BDF
LOC_1B631			  Near16 MAIN_03:1C7E
LOC_1B654			  Near16 MAIN_03:1CA1
LOC_1B662			  Near16 MAIN_03:1CAF
LOC_1B682			  Near16 MAIN_03:1CCF
LOC_1B68A			  Near16 MAIN_03:1CD7
LOC_1B6A4			  Near16 MAIN_03:1CF1
LOC_1B6B5			  Near16 MAIN_03:1D02
LOC_1B6C6			  Near16 MAIN_03:1D13
LOC_1B6D5			  Near16 MAIN_03:1D22
LOC_1B6F3			  Near16 MAIN_03:1D40
LOC_1B6FC			  Near16 MAIN_03:1D49
LOC_1B703			  Near16 MAIN_03:1D50
LOC_1B70F			  Near16 MAIN_03:1D5C
LOC_1B718			  Near16 MAIN_03:1D65
LOC_1B71F			  Near16 MAIN_03:1D6C
LOC_1B72B			  Near16 MAIN_03:1D78
LOC_1B73E			  Near16 MAIN_03:1D8B
LOC_1B74B			  Near16 MAIN_03:1D98
LOC_1B75B			  Near16 MAIN_03:1DA8
LOC_1B762			  Near16 MAIN_03:1DAF
LOC_1B79B			  Near16 MAIN_03:1DE8
LOC_1B7D0			  Near16 MAIN_03:1E1D
LOC_1B7FA			  Near16 MAIN_03:1E47
LOC_1B80F			  Near16 MAIN_03:1E5C
LOC_1B81B			  Near16 MAIN_03:1E68
LOC_1B823			  Near16 MAIN_03:1E70
LOC_1B839			  Near16 MAIN_03:1E86
LOC_1B845			  Near16 MAIN_03:1E92
LOC_1B856			  Near16 MAIN_03:1EA3
LOC_1B861			  Near16 MAIN_03:1EAE
LOC_1B868			  Near16 MAIN_03:1EB5
LOC_1B87C			  Near16 MAIN_03:1EC9
LOC_1B887			  Near16 MAIN_03:1ED4
LOC_1B88E			  Near16 MAIN_03:1EDB
LOC_1B8B2			  Near16 MAIN_03:1EFF
LOC_1B8C5			  Near16 MAIN_03:1F12
LOC_1B903			  Near16 MAIN_03:1F50
LOC_1B932			  Near16 MAIN_03:1F7F
LOC_1B98A			  Near16 MAIN_03:1FD7
LOC_1B98D			  Near16 MAIN_03:1FDA
LOC_1B992			  Near16 MAIN_03:1FDF
LOC_1B9BD			  Near16 MAIN_03:200A
LOC_1B9D0			  Near16 MAIN_03:201D
LOC_1BA0B			  Near16 MAIN_03:2058
LOC_1BA20			  Near16 MAIN_03:206D
LOC_1BA55			  Near16 MAIN_03:20A2
LOC_1BA6C			  Near16 MAIN_03:20B9
LOC_1BA72			  Near16 MAIN_03:20BF
LOC_1BA73			  Near16 MAIN_03:20C0
LOC_1BA7B			  Near16 MAIN_03:20C8
LOC_1BA90			  Near16 MAIN_03:20DD
LOC_1BAC5			  Near16 MAIN_03:2112
LOC_1BAE5			  Near16 MAIN_03:2132
LOC_1BAF5			  Near16 MAIN_03:2142
LOC_1BAF6			  Near16 MAIN_03:2143
LOC_1BAFB			  Near16 MAIN_03:2148
LOC_1BB1D			  Near16 MAIN_03:216A
LOC_1BB4F			  Near16 MAIN_03:219C
LOC_1BB85			  Near16 MAIN_03:21D2
LOC_1BBAB			  Near16 MAIN_03:21F8
LOC_1BC0E			  Near16 MAIN_03:225B
LOC_1BC0F			  Near16 MAIN_03:225C
LOC_1BC3B			  Near16 MAIN_03:2288
LOC_1BC3F			  Near16 MAIN_03:228C
LOC_1BC60			  Near16 MAIN_03:22AD
LOC_1BCAE			  Near16 MAIN_03:22FB
LOC_1BCCF			  Near16 MAIN_03:231C
LOC_1BCF0			  Near16 MAIN_03:233D
LOC_1BD16			  Near16 MAIN_03:2363
LOC_1BD46			  Near16 MAIN_03:2393
LOC_1BD83			  Near16 MAIN_03:23D0
LOC_1BD86			  Near16 MAIN_03:23D3
LOC_1BDAC			  Near16 MAIN_03:23F9
LOC_1BDBA			  Near16 MAIN_03:2407
LOC_1BDBD			  Near16 MAIN_03:240A
LOC_1BDC4			  Near16 MAIN_03:2411
LOC_1BE25			  Near16 MAIN_03:2472
LOC_1BE2F			  Near16 MAIN_03:247C
LOC_1BE3D			  Near16 MAIN_03:248A
LOC_1BE69			  Near16 MAIN_03:24B6
LOC_1BE6F			  Near16 MAIN_03:24BC
LOC_1BE94			  Near16 MAIN_03:24E1
LOC_1BE97			  Near16 MAIN_03:24E4
LOC_1BEA6			  Near16 MAIN_03:24F3
LOC_1BEB2			  Near16 MAIN_03:24FF
LOC_1BEC2			  Near16 MAIN_03:250F
LOC_1BEC5			  Near16 MAIN_03:2512
LOC_1BEF0			  Near16 MAIN_03:253D
LOC_1BF01			  Near16 MAIN_03:254E
LOC_1BF0E			  Near16 MAIN_03:255B
Turbo Assembler	 Version 5.3	    09-05-26 02:41:13	    Page 40
Symbol Table



LOC_1BF2E			  Near16 MAIN_03:257B
LOC_1BF3A			  Near16 MAIN_03:2587
LOC_1BF53			  Near16 MAIN_03:25A0
LOC_1BF78			  Near16 MAIN_03:25C5
LOC_1BF91			  Near16 MAIN_03:25DE
LOC_1BF9E			  Near16 MAIN_03:25EB
LOC_1BFC6			  Near16 MAIN_03:2613
LOC_1BFEA			  Near16 MAIN_03:2637
LOC_1C011			  Near16 MAIN_03:265E
LOC_1C025			  Near16 MAIN_03:2672
LOC_1C032			  Near16 MAIN_03:267F
LOC_1C03B			  Near16 MAIN_03:2688
LOC_1C044			  Near16 MAIN_03:2691
LOC_1C04D			  Near16 MAIN_03:269A
LOC_1C053			  Near16 MAIN_03:26A0
LOC_1C059			  Near16 MAIN_03:26A6
LOC_1C062			  Near16 MAIN_03:26AF
LOC_1C06B			  Near16 MAIN_03:26B8
LOC_1C074			  Near16 MAIN_03:26C1
LOC_1C07D			  Near16 MAIN_03:26CA
LOC_1C086			  Near16 MAIN_03:26D3
LOC_1C0A5			  Near16 MAIN_03:26F2
LOC_1C0BC			  Near16 MAIN_03:2709
LOC_1C0E4			  Near16 MAIN_03:2731
LOC_1C0F2			  Near16 MAIN_03:273F
LOC_1C108			  Near16 MAIN_03:2755
LOC_1C10E			  Near16 MAIN_03:275B
LOC_1C11A			  Near16 MAIN_03:2767
LOC_1C133			  Near16 MAIN_03:2780
LOC_1C136			  Near16 MAIN_03:2783
LOC_1C13A			  Near16 MAIN_03:2787
LOC_1C14C			  Near16 MAIN_03:2799
LOC_1C14D			  Near16 MAIN_03:279A
LOC_1C15B			  Near16 MAIN_03:27A8
LOC_1C1D9			  Near16 MAIN_03:2826
LOC_1C260			  Near16 MAIN_03:28AD
LOC_1C261			  Near16 MAIN_03:28AE
LOC_1C27C			  Near16 MAIN_03:28C9
LOC_1C2A7			  Near16 MAIN_04_TEXT:0020
LOC_1C321			  Near16 MAIN_04_TEXT:009A
LOC_1C32C			  Near16 MAIN_04_TEXT:00A5
LOC_1C332			  Near16 MAIN_04_TEXT:00AB
LOC_1C35B			  Near16 MAIN_04_TEXT:00D4
LOC_1C3CC			  Near16 MAIN_04_TEXT:0145
LOC_1C3CF			  Near16 MAIN_04_TEXT:0148
LOC_1C3D2			  Near16 MAIN_04_TEXT:014B
LOC_1C443			  Near16 MAIN_05_TEXT:0064
LOC_1C451			  Near16 MAIN_05_TEXT:0072
LOC_1C473			  Near16 MAIN_05_TEXT:0094
LOC_1C4CE			  Near16 MAIN_05_TEXT:00EF
LOC_1C4DC			  Near16 MAIN_05_TEXT:00FD
LOC_1C4DF			  Near16 MAIN_05_TEXT:0100
LOC_1C513			  Near16 MAIN_05_TEXT:0134
LOC_1C518			  Near16 MAIN_05_TEXT:0139
LOC_1C559			  Near16 MAIN_05_TEXT:017A
LOC_1C55E			  Near16 MAIN_05_TEXT:017F
LOC_1C579			  Near16 MAIN_05_TEXT:019A
LOC_1C594			  Near16 MAIN_05_TEXT:01B5
LOC_1C59D			  Near16 MAIN_05_TEXT:01BE
LOC_1C5BD			  Near16 MAIN_05_TEXT:01DE
LOC_1C5DD			  Near16 MAIN_05_TEXT:01FE
LOC_1C5E5			  Near16 MAIN_05_TEXT:0206
LOC_1C5F0			  Near16 MAIN_05_TEXT:0211
LOC_1C5F7			  Near16 MAIN_05_TEXT:0218
LOC_1C610			  Near16 MAIN_05_TEXT:0231
LOC_1C63E			  Near16 MAIN_05_TEXT:025F
LOC_1C63F			  Near16 MAIN_05_TEXT:0260
LOC_1CD4D			  Near16 MAIN_06:0017
LOC_1CD50			  Near16 MAIN_06:001A
LOC_1CD71			  Near16 MAIN_06:003B
LOC_1CD75			  Near16 MAIN_06:003F
LOC_1CE0F			  Near16 MAIN_06:00D9
LOC_1CE14			  Near16 MAIN_06:00DE
LOC_39CC			  Near16 _TEXT:375A
LOC_3DE5			  Near16 _TEXT:3B73
LOC_3DED			  Near16 _TEXT:3B7B
LOC_3E35			  Near16 _TEXT:3BC3
LOC_3E5B			  Near16 _TEXT:3BE9
LOC_3E5F			  Near16 _TEXT:3BED
LOC_3E64			  Near16 _TEXT:3BF2
LOC_3EB1			  Near16 _TEXT:3C3F
LOC_3EB8			  Near16 _TEXT:3C46
LOC_3EE1			  Near16 _TEXT:3C6F
LOC_3EEA			  Near16 _TEXT:3C78
LOC_3F15			  Near16 _TEXT:3CA3
LOC_3F4B			  Near16 _TEXT:3CD9
LOC_3F54			  Near16 _TEXT:3CE2
LOC_3F5E			  Near16 _TEXT:3CEC
LOC_3F77			  Near16 _TEXT:3D05
LOC_3F7B			  Near16 _TEXT:3D09
LOC_3FB9			  Near16 _TEXT:3D47
LOC_3FC1			  Near16 _TEXT:3D4F
LOC_402B			  Near16 _TEXT:3DB9
Turbo Assembler	 Version 5.3	    09-05-26 02:41:13	    Page 41
Symbol Table



LOC_4030			  Near16 _TEXT:3DBE
LOC_4040			  Near16 _TEXT:3DCE
LOC_404F			  Near16 _TEXT:3DDD
LOC_4055			  Near16 _TEXT:3DE3
LOC_406E			  Near16 _TEXT:3DFC
LOC_4078			  Near16 _TEXT:3E06
LOC_407E			  Near16 _TEXT:3E0C
LOC_4087			  Near16 _TEXT:3E15
LOC_B19A			  Near16 MAIN_01:0036
LOC_B1B5			  Near16 MAIN_01:0051
LOC_B1BA			  Near16 MAIN_01:0056
LOC_B1CA			  Near16 MAIN_01:0066
LOC_B1CD			  Near16 MAIN_01:0069
LOC_B202			  Near16 MAIN_01:009E
LOC_B213			  Near16 MAIN_01:00AF
LOC_B237			  Near16 MAIN_01:00D3
LOC_B249			  Near16 MAIN_01:00E5
LOC_B24F			  Near16 MAIN_01:00EB
LOC_B263			  Near16 MAIN_01:00FF
LOC_B27A			  Near16 MAIN_01:0125
LOC_B287			  Near16 MAIN_01:0132
LOC_B290			  Near16 MAIN_01:013B
LOC_B2EE			  Near16 MAIN_01:0199
LOC_B2F5			  Near16 MAIN_01:01A0
LOC_B32B			  Near16 MAIN_01:01D6
LOC_B333			  Near16 MAIN_01:01DE
LOC_B34C			  Near16 MAIN_01:01F7
LOC_B35A			  Near16 MAIN_01:0205
LOC_B35F			  Near16 MAIN_01:020A
LOC_B4BB			  Near16 MAIN_01:0366
LOC_B4C0			  Near16 MAIN_01:036B
LOC_B4C5			  Near16 MAIN_01:0370
LOC_B4D6			  Near16 MAIN_01:0381
LOC_B4D7			  Near16 MAIN_01:0382
LOC_B63C			  Near16 MAIN_01:04E7
LOC_B698			  Near16 MAIN_01:0543
LOC_B6F2			  Near16 MAIN_01:059D
LOC_B701			  Near16 MAIN_01:05AC
LOC_B76A			  Near16 MAIN_01:0615
LOC_B7CB			  Near16 MAIN_01:0676
LOC_B7DD			  Near16 MAIN_01:0688
LOC_B832			  Near16 MAIN_01:06DD
LOC_B88A			  Near16 MAIN_01:0735
LOC_B8AF			  Near16 MAIN_01:075A
LOC_B8B5			  Near16 MAIN_01:0760
LOC_B922			  Near16 MAIN_01:07CD
LOC_BA1D			  Near16 MAIN_01:08C8
LOC_BA33			  Near16 MAIN_01:08DE
LOC_BA3D			  Near16 MAIN_01:08E8
LOC_BA5C			  Near16 MAIN_01:0907
LOC_BA72			  Near16 MAIN_01:091D
LOC_BA8E			  Near16 MAIN_01:0939
LOC_BA98			  Near16 MAIN_01:0943
LOC_BAC8			  Near16 MAIN_01:0973
LOC_BAD6			  Near16 MAIN_01:0981
LOC_BAE3			  Near16 MAIN_01:098E
LOC_BB24			  Near16 MAIN_01:09CF
LOC_BB30			  Near16 MAIN_01:09DB
LOC_BB9D			  Near16 MAIN_01:0A48
LOC_BBB2			  Near16 MAIN_01:0A5D
LOC_BBC8			  Near16 MAIN_01:0A73
LOC_BBE4			  Near16 MAIN_01:0A8F
LOC_BBEE			  Near16 MAIN_01:0A99
LOC_BC1E			  Near16 MAIN_01:0AC9
LOC_BC2C			  Near16 MAIN_01:0AD7
LOC_BC94			  Near16 MAIN_01:0B3F
LOC_BC99			  Near16 MAIN_01:0B44
LOC_BCA0			  Near16 MAIN_01:0B4B
LOC_BCA4			  Near16 MAIN_01:0B4F
LOC_BCAE			  Near16 MAIN_01:0B59
LOC_BCC3			  Near16 MAIN_01:0B6E
LOC_BCF9			  Near16 MAIN_01:0BA4
LOC_BD26			  Near16 MAIN_01:0BD1
LOC_BD62			  Near16 MAIN_01:0C0D
LOC_BD9C			  Near16 MAIN_01:0C47
LOC_BDA2			  Near16 MAIN_01:0C4D
LOC_BDCC			  Near16 MAIN_01:0C77
LOC_BDE8			  Near16 MAIN_01:0C93
LOC_BE0F			  Near16 MAIN_01:0CC4
LOC_BE3B			  Near16 MAIN_01:0CF0
LOC_BE77			  Near16 MAIN_01:0D2C
LOC_BE8D			  Near16 MAIN_01:0D42
LOC_BEDC			  Near16 MAIN_01:0D91
LOC_BEE0			  Near16 MAIN_01:0D95
LOC_BEED			  Near16 MAIN_01:0DA2
LOC_BF36			  Near16 MAIN_01:0DFF
LOC_BF60			  Near16 MAIN_01:0E29
LOC_BF63			  Near16 MAIN_01:0E2C
LOC_BF78			  Near16 MAIN_01:0E41
LOC_BFC3			  Near16 MAIN_01:0E8C
LOC_BFCC			  Near16 MAIN_01:0E95
LOC_BFF8			  Near16 MAIN_01:0EC1
LOC_C015			  Near16 MAIN_01:0EDE
Turbo Assembler	 Version 5.3	    09-05-26 02:41:13	    Page 42
Symbol Table



LOC_C05B			  Near16 MAIN_01:0F24
LOC_C09A			  Near16 MAIN_01:0F63
LOC_C0A6			  Near16 MAIN_01:0F6F
LOC_C0E6			  Near16 MAIN_01:0FAF
LOC_C108			  Near16 MAIN_01:0FD1
LOC_C18A			  Near16 MAIN_01:1053
LOC_C1AE			  Near16 MAIN_01:1077
LOC_C1D0			  Near16 MAIN_01:1099
LOC_C20B			  Near16 MAIN_01:10D4
LOC_C222			  Near16 MAIN_01:10EB
LOC_C2DF			  Near16 MAIN_01:11A8
LOC_C2F0			  Near16 MAIN_01:11B9
LOC_C348			  Near16 MAIN_01:1211
LOC_C3E5			  Near16 MAIN_01:12AE
LOC_C3FB			  Near16 MAIN_01:12C4
LOC_C400			  Near16 MAIN_01:12C9
LOC_C47A			  Near16 MAIN_01:1343
LOC_C493			  Near16 MAIN_01:135C
LOC_C4A5			  Near16 MAIN_01:136E
LOC_C4B8			  Near16 MAIN_01:1381
LOC_C4CA			  Near16 MAIN_01:1393
LOC_C4E5			  Near16 MAIN_01:13AE
LOC_C4EE			  Near16 MAIN_01:13B7
LOC_C4F5			  Near16 MAIN_01:13BE
LOC_C4F7			  Near16 MAIN_01:13C0
LOC_C50D			  Near16 MAIN_01:13D6
LOC_C516			  Near16 MAIN_01:13DF
LOC_C5B7			  Near16 MAIN_01:1480
LOC_C5C2			  Near16 MAIN_01:148B
LOC_C634			  Near16 MAIN_01:14FD
LOC_C655			  Near16 MAIN_01:151E
LOC_C67F			  Near16 MAIN_01:1548
LOC_CB53			  Near16 MAIN_01:01AD
LOC_CB78			  Near16 MAIN_01:01D2
LOC_CB83			  Near16 MAIN_01:01DD
LOC_CB93			  Near16 MAIN_01:01ED
LOC_CB9D			  Near16 MAIN_01:01F7
LOC_CBA8			  Near16 MAIN_01:0202
LOC_CBB1			  Near16 MAIN_01:020B
LOC_CBBB			  Near16 MAIN_01:0215
LOC_CBC3			  Near16 MAIN_01:021D
LOC_CBC8			  Near16 MAIN_01:0222
LOC_CBD3			  Near16 MAIN_01:022D
LOC_CBE1			  Near16 MAIN_01:023B
LOC_CBE8			  Near16 MAIN_01:0242
LOC_CBE9			  Near16 MAIN_01:0243
LOC_CBF2			  Near16 MAIN_01:024C
LOC_CBFD			  Near16 MAIN_01:0257
LOC_CC09			  Near16 MAIN_01:0263
LOC_CC19			  Near16 MAIN_01:0273
LOC_CC22			  Near16 MAIN_01:027C
LOC_CC2D			  Near16 MAIN_01:0287
LOC_CC39			  Near16 MAIN_01:0293
LOC_CC45			  Near16 MAIN_01:029F
LOC_CC4A			  Near16 MAIN_01:02A4
LOC_CC53			  Near16 MAIN_01:02AD
LOC_CC5E			  Near16 MAIN_01:02B8
LOC_CC6A			  Near16 MAIN_01:02C4
LOC_CC76			  Near16 MAIN_01:02D0
LOC_CC82			  Near16 MAIN_01:02DC
LOC_CC87			  Near16 MAIN_01:02E1
LOC_CC94			  Near16 MAIN_01:02EE
LOC_CC9F			  Near16 MAIN_01:02F9
LOC_CCAB			  Near16 MAIN_01:0305
LOC_CCBE			  Near16 MAIN_01:0318
LOC_CCCC			  Near16 MAIN_01:0326
LOC_CCE6			  Near16 MAIN_01:0340
LOC_CCF2			  Near16 MAIN_01:034C
LOC_CCF5			  Near16 MAIN_01:034F
LOC_CCFB			  Near16 MAIN_01:0355
LOC_CD00			  Near16 MAIN_01:035A
LOC_CD04			  Near16 MAIN_01:035E
LOC_CD0D			  Near16 MAIN_01:0367
LOC_CD54			  Near16 MAIN_01:03AE
LOC_CD81			  Near16 MAIN_01:03DB
LOC_CD8C			  Near16 MAIN_01:03E6
LOC_CD97			  Near16 MAIN_01:03F1
LOC_CDA0			  Near16 MAIN_01:03FA
LOC_CDA7			  Near16 MAIN_01:0401
LOC_CDAF			  Near16 MAIN_01:0409
LOC_CDB1			  Near16 MAIN_01:040B
LOC_CDC2			  Near16 MAIN_01:041C
LOC_CDCC			  Near16 MAIN_01:0426
LOC_CDDB			  Near16 MAIN_01:0435
LOC_CDE6			  Near16 MAIN_01:0440
LOC_CDEB			  Near16 MAIN_01:0445
LOC_CDF4			  Near16 MAIN_01:044E
LOC_CDF9			  Near16 MAIN_01:0453
LOC_CE04			  Near16 MAIN_01:045E
LOC_CE12			  Near16 MAIN_01:046C
LOC_CE19			  Near16 MAIN_01:0473
LOC_CE1A			  Near16 MAIN_01:0474
LOC_CE23			  Near16 MAIN_01:047D
Turbo Assembler	 Version 5.3	    09-05-26 02:41:13	    Page 43
Symbol Table



LOC_CE29			  Near16 MAIN_01:0483
LOC_CE30			  Near16 MAIN_01:048A
LOC_CE42			  Near16 MAIN_01:049C
LOC_CE46			  Near16 MAIN_01:04A0
LOC_CE4E			  Near16 MAIN_01:04A8
LOC_CE53			  Near16 MAIN_01:04AD
LOC_CE5B			  Near16 MAIN_01:04B5
LOC_CE96			  Near16 MAIN_01:04F0
LOC_CE9B			  Near16 MAIN_01:04F5
LOC_CE9F			  Near16 MAIN_01:04F9
LOC_CED8			  Near16 MAIN_01:0532
LOC_CEDD			  Near16 MAIN_01:0537
LOC_CEDF			  Near16 MAIN_01:0539
LOC_CEE2			  Near16 MAIN_01:053C
LOC_CEE5			  Near16 MAIN_01:053F
LOC_CEE8			  Near16 MAIN_01:0542
LOC_CEF7			  Near16 MAIN_01:0551
LOC_CF0F			  Near16 MAIN_01:0569
LOC_CF15			  Near16 MAIN_01:056F
LOC_CF36			  Near16 MAIN_01:0590
LOC_CF4B			  Near16 MAIN_01:05A5
LOC_CF56			  Near16 MAIN_01:05B0
LOC_CF65			  Near16 MAIN_01:05BF
LOC_CF72			  Near16 MAIN_01:05CC
LOC_CF78			  Near16 MAIN_01:05D2
LOC_CF7A			  Near16 MAIN_01:05D4
LOC_CF83			  Near16 MAIN_01:05DD
LOC_CF8E			  Near16 MAIN_01:05E8
LOC_CF9D			  Near16 MAIN_01:05F7
LOC_CFAC			  Near16 MAIN_01:0606
LOC_CFBB			  Near16 MAIN_01:0615
LOC_CFC8			  Near16 MAIN_01:0622
LOC_CFCE			  Near16 MAIN_01:0628
LOC_CFD0			  Near16 MAIN_01:062A
LOC_CFD6			  Near16 MAIN_01:0630
LOC_CFE1			  Near16 MAIN_01:063B
LOC_CFF0			  Near16 MAIN_01:064A
LOC_CFFF			  Near16 MAIN_01:0659
LOC_D00E			  Near16 MAIN_01:0668
LOC_D01B			  Near16 MAIN_01:0675
LOC_D021			  Near16 MAIN_01:067B
LOC_D023			  Near16 MAIN_01:067D
LOC_D029			  Near16 MAIN_01:0683
LOC_D034			  Near16 MAIN_01:068E
LOC_D035			  Near16 MAIN_01:068F
LOC_D039			  Near16 MAIN_01:0693
LOC_D042			  Near16 MAIN_01:069C
LOC_D09C			  Near16 MAIN_01:06F6
LOC_D0A5			  Near16 MAIN_01:06FF
LOC_D0D2			  Near16 MAIN_01:072C
LOC_D0DD			  Near16 MAIN_01:0737
LOC_D0E8			  Near16 MAIN_01:0742
LOC_D0F1			  Near16 MAIN_01:074B
LOC_D0F7			  Near16 MAIN_01:0751
LOC_D105			  Near16 MAIN_01:075F
LOC_D116			  Near16 MAIN_01:0770
LOC_D11D			  Near16 MAIN_01:0777
LOC_D129			  Near16 MAIN_01:0783
LOC_D12E			  Near16 MAIN_01:0788
LOC_D133			  Near16 MAIN_01:078D
LOC_D158			  Near16 MAIN_01:07B2
LOC_D16C			  Near16 MAIN_01:07C6
LOC_D16E			  Near16 MAIN_01:07C8
LOC_D17D			  Near16 MAIN_01:07D7
LOC_D197			  Near16 MAIN_01:07F1
LOC_D1B0			  Near16 MAIN_01:080A
LOC_D1C1			  Near16 MAIN_01:081B
LOC_D1DA			  Near16 MAIN_01:0834
LOC_D1E3			  Near16 MAIN_01:083D
LOC_D1FB			  Near16 MAIN_01:0855
LOC_D209			  Near16 MAIN_01:0863
LOC_D215			  Near16 MAIN_01:086F
LOC_D21E			  Near16 MAIN_01:0878
LOC_D227			  Near16 MAIN_01:0881
LOC_D234			  Near16 MAIN_01:088E
LOC_D23D			  Near16 MAIN_01:0897
LOC_D23F			  Near16 MAIN_01:0899
LOC_D241			  Near16 MAIN_01:089B
LOC_D249			  Near16 MAIN_01:08A3
LOC_D252			  Near16 MAIN_01:08AC
LOC_D25F			  Near16 MAIN_01:08B9
LOC_D268			  Near16 MAIN_01:08C2
LOC_D26A			  Near16 MAIN_01:08C4
LOC_D26C			  Near16 MAIN_01:08C6
LOC_D274			  Near16 MAIN_01:08CE
LOC_D27D			  Near16 MAIN_01:08D7
LOC_D28A			  Near16 MAIN_01:08E4
LOC_D293			  Near16 MAIN_01:08ED
LOC_D295			  Near16 MAIN_01:08EF
LOC_D297			  Near16 MAIN_01:08F1
LOC_D29F			  Near16 MAIN_01:08F9
LOC_D2A8			  Near16 MAIN_01:0902
LOC_D2B5			  Near16 MAIN_01:090F
Turbo Assembler	 Version 5.3	    09-05-26 02:41:13	    Page 44
Symbol Table



LOC_D2C2			  Near16 MAIN_01:091C
LOC_D2C8			  Near16 MAIN_01:0922
LOC_D2CF			  Near16 MAIN_01:0929
LOC_D2DE			  Near16 MAIN_01:0938
LOC_D2EE			  Near16 MAIN_01:0948
LOC_D2FE			  Near16 MAIN_01:0958
LOC_D30E			  Near16 MAIN_01:0968
LOC_D31B			  Near16 MAIN_01:0975
LOC_D321			  Near16 MAIN_01:097B
LOC_D323			  Near16 MAIN_01:097D
LOC_D332			  Near16 MAIN_01:098C
LOC_D335			  Near16 MAIN_01:098F
LOC_D340			  Near16 MAIN_01:099A
LOC_D341			  Near16 MAIN_01:099B
LOC_D345			  Near16 MAIN_01:099F
LOC_D34E			  Near16 MAIN_01:09A8
LOC_D37D			  Near16 MAIN_01:09D7
LOC_D388			  Near16 MAIN_01:09E2
LOC_D3A3			  Near16 MAIN_01:09FD
LOC_D3BF			  Near16 MAIN_01:0A19
LOC_D3DE			  Near16 MAIN_01:0A38
LOC_D3FA			  Near16 MAIN_01:0A54
LOC_D414			  Near16 MAIN_01:0A6E
LOC_D419			  Near16 MAIN_01:0A73
LOC_D423			  Near16 MAIN_01:0A7D
LOC_D46E			  Near16 MAIN_01:0AC8
LOC_D472			  Near16 MAIN_01:0ACC
LOC_D484			  Near16 MAIN_01:0ADE
LOC_D4B2			  Near16 MAIN_01:0B0C
LOC_D508			  Near16 MAIN_01:0B62
LOC_D50E			  Near16 MAIN_01:0B68
LOC_D51C			  Near16 MAIN_01:0B76
LOC_D553			  Near16 MAIN_01:0BAD
LOC_D55D			  Near16 MAIN_01:0BB7
LOC_D569			  Near16 MAIN_01:0BC3
LOC_D589			  Near16 MAIN_01:0BE3
LOC_D59F			  Near16 MAIN_01:0BF9
LOC_D5B0			  Near16 MAIN_01:0C0A
LOC_D5E1			  Near16 MAIN_01:0C3B
LOC_D5ED			  Near16 MAIN_01:0C47
LOC_D5F7			  Near16 MAIN_01:0C51
LOC_D60E			  Near16 MAIN_01:0C68
LOC_D613			  Near16 MAIN_01:0C6D
LOC_D61D			  Near16 MAIN_01:0C77
LOC_E1D2			  Near16 MAIN_01:005A
LOC_E1F3			  Near16 MAIN_01:007B
LOC_E248			  Near16 MAIN_01:00D0
LOC_E26F			  Near16 MAIN_01:00F7
LOC_E2D7			  Near16 MAIN_01:015F
LOC_E30C			  Near16 MAIN_01:0194
LOC_E36B			  Near16 MAIN_01:01F3
LOC_E371			  Near16 MAIN_01:01F9
LOC_E386			  Near16 MAIN_01:020E
LOC_E38A			  Near16 MAIN_01:0212
LOC_E39D			  Near16 MAIN_01:0225
LOC_E3BA			  Near16 MAIN_01:0242
LOC_E3D7			  Near16 MAIN_01:025F
LOC_E3E5			  Near16 MAIN_01:026D
LOC_E3EA			  Near16 MAIN_01:0272
LOC_E42A			  Near16 MAIN_01:02B2
LOC_E47B			  Near16 MAIN_01:0303
LOC_E4AE			  Near16 MAIN_01:0336
LOC_E4FF			  Near16 MAIN_01:0387
LOC_E525			  Near16 MAIN_01:03AD
LOC_E55D			  Near16 MAIN_01:03E5
LOC_E566			  Near16 MAIN_01:03EE
LOC_E58E			  Near16 MAIN_01:0416
LOC_E5AB			  Near16 MAIN_01:0433
LOC_E5AC			  Near16 MAIN_01:0434
LOC_E5DD			  Near16 MAIN_01:0465
LOC_E60F			  Near16 MAIN_01:0497
LOC_E638			  Near16 MAIN_01:04C0
LOC_E64E			  Near16 MAIN_01:04D6
LOC_E668			  Near16 MAIN_01:04F0
LOC_E680			  Near16 MAIN_01:0508
LOC_E6CC			  Near16 MAIN_01:0554
LOC_E6E8			  Near16 MAIN_01:0570
LOC_E745			  Near16 MAIN_01:05CD
LOC_E74D			  Near16 MAIN_01:05D5
LOC_E774			  Near16 MAIN_01:05FC
LOC_E782			  Near16 MAIN_01:060A
LOC_E793			  Near16 MAIN_01:061B
LOC_E7A0			  Near16 MAIN_01:0628
LOC_E7BB			  Near16 MAIN_01:0643
LOC_E7C0			  Near16 MAIN_01:0648
LOC_E7E8			  Near16 MAIN_01:0670
LOC_E80B			  Near16 MAIN_01:0693
LOC_E80E			  Near16 MAIN_01:0696
LOC_E821			  Near16 MAIN_01:06A9
LOC_E867			  Near16 MAIN_01:06EF
LOC_E888			  Near16 MAIN_01:0710
LOC_E892			  Near16 MAIN_01:071A
LOC_E899			  Near16 MAIN_01:0721
Turbo Assembler	 Version 5.3	    09-05-26 02:41:13	    Page 45
Symbol Table



LOC_E8C9			  Near16 MAIN_01:0751
LOC_E8F3			  Near16 MAIN_01:077B
LOC_E902			  Near16 MAIN_01:078A
LOC_E915			  Near16 MAIN_01:079D
LOC_E94C			  Near16 MAIN_01:07D4
LOC_E96C			  Near16 MAIN_01:07F4
LOC_E99D			  Near16 MAIN_01:0825
LOC_E9A6			  Near16 MAIN_01:082E
LOC_E9DB			  Near16 MAIN_01:0863
LOC_E9F3			  Near16 MAIN_01:087B
LOC_EA11			  Near16 MAIN_01:0899
LOC_EA35			  Near16 MAIN_01:08BD
LOC_EA56			  Near16 MAIN_01:08DE
LOC_EA60			  Near16 MAIN_01:08E8
LOC_EA67			  Near16 MAIN_01:08EF
LOC_EA83			  Near16 MAIN_01:090B
LOC_EA88			  Near16 MAIN_01:0910
LOC_EA9A			  Near16 MAIN_01:0922
LOC_EA9D			  Near16 MAIN_01:0925
LOC_EAC0			  Near16 MAIN_01:0948
LOC_EAC3			  Near16 MAIN_01:094B
LOC_EAD7			  Near16 MAIN_01:095F
LOC_EADF			  Near16 MAIN_01:0967
LOC_EB07			  Near16 MAIN_01:098F
LOC_EB32			  Near16 MAIN_01:09BA
LOC_EB5D			  Near16 MAIN_01:09E5
LOC_EB7C			  Near16 MAIN_01:0A04
LOC_EB9E			  Near16 MAIN_01:0A26
LOC_EBCC			  Near16 MAIN_01:0A54
LOC_EBE2			  Near16 MAIN_01:0A6A
LOC_EBEF			  Near16 MAIN_01:0A77
LOC_EC00			  Near16 MAIN_01:0A88
LOC_EC10			  Near16 MAIN_01:0A98
LOC_EC20			  Near16 MAIN_01:0AA8
LOC_EC30			  Near16 MAIN_01:0AB8
LOC_EC36			  Near16 MAIN_01:0ABE
LOC_EC46			  Near16 MAIN_01:0ACE
LOC_EC56			  Near16 MAIN_01:0ADE
LOC_EC85			  Near16 MAIN_01:0B0D
LOC_EC98			  Near16 MAIN_01:0B20
LOC_ECA2			  Near16 MAIN_01:0B2A
LOC_ECA9			  Near16 MAIN_01:0B31
LOC_F1F2			  Near16 MAIN_01:001A
LOC_F1F7			  Near16 MAIN_01:001F
LOC_F21B			  Near16 MAIN_01:0043
LOC_F222			  Near16 MAIN_01:004A
LOC_F238			  Near16 MAIN_01:0060
LOC_F244			  Near16 MAIN_01:006C
LOC_F24E			  Near16 MAIN_01:0076
LOC_F260			  Near16 MAIN_01:0088
LOC_F270			  Near16 MAIN_01:0098
LOC_F276			  Near16 MAIN_01:009E
LOC_F288			  Near16 MAIN_01:00B0
LOC_F29E			  Near16 MAIN_01:00C6
LOC_F2A4			  Near16 MAIN_01:00CC
LOC_F2B8			  Near16 MAIN_01:00E0
LOC_F2BC			  Near16 MAIN_01:00E4
LOC_F2C2			  Near16 MAIN_01:00EA
LOC_F2D8			  Near16 MAIN_01:0100
LOC_F2E3			  Near16 MAIN_01:010B
LOC_F2F0			  Near16 MAIN_01:0118
LOC_F2FB			  Near16 MAIN_01:0123
LOC_F336			  Near16 MAIN_01:015E
LOC_F349			  Near16 MAIN_01:0171
LOC_F35C			  Near16 MAIN_01:0184
LOC_F368			  Near16 MAIN_01:0190
LOC_F38B			  Near16 MAIN_01:01B3
LOC_F395			  Near16 MAIN_01:01BD
LOC_F3AF			  Near16 MAIN_01:01D7
LOC_F3B3			  Near16 MAIN_01:01DB
LOC_F3F1			  Near16 MAIN_01:0219
LOC_F40D			  Near16 MAIN_01:0235
LOC_F417			  Near16 MAIN_01:023F
LOC_F426			  Near16 MAIN_01:024E
LOC_F434			  Near16 MAIN_01:025C
LOC_F43E			  Near16 MAIN_01:0266
LOOP_RLA			  Near16 _TEXT:1742
LO_MUL				  Number 4E35
M3F_ALIVE			  Number 0000
M3F_KILL_ANIM			  Number 0001
M3F_REMOVED			  Number 0002
MAP_BITS_PER_SECTION		  Number 0003
MAP_LENGTH_MAX			  Number 0140
MAP_ROWS_PER_SECTION		  Number 0008
MAP_SECTION_COUNT		  Number 0010
MARISA_1AA60			  Near16 MAIN_03:10AD
MARISA_1AB35			  Near16 MAIN_03:1182
MARISA_1AC7B			  Near16 MAIN_03:12C8
MARISA_1AD80			  Near16 MAIN_03:13CD
MARISA_1AE98			  Near16 MAIN_03:14E5
MARISA_1B025			  Near16 MAIN_03:1672
MARISA_1B19D			  Near16 MAIN_03:17EA
MARISA_1B214			  Near16 MAIN_03:1861
Turbo Assembler	 Version 5.3	    09-05-26 02:41:13	    Page 46
Symbol Table



MARISA_1B24A			  Near16 MAIN_03:1897
MARISA_1B2E9			  Near16 MAIN_03:1936
MARISA_1B35F			  Near16 MAIN_03:19AC
MARISA_1B3DE			  Near16 MAIN_03:1A2B
MARISA_1B477			  Near16 MAIN_03:1AC4
MARISA_1B555			  Near16 MAIN_03:1BA2
MARISA_1B665			  Near16 MAIN_03:1CB2
MARISA_1B6DA			  Near16 MAIN_03:1D27
MARISA_1B7D3			  Near16 MAIN_03:1E20
MARISA_1B996			  Near16 MAIN_03:1FE3
MARISA_1BAFF			  Near16 MAIN_03:214C
MARISA_1BC43			  Near16 MAIN_03:2290
MARISA_1BE72			  Near16 MAIN_03:24BF
MARISA_BG_RENDER		  Far16	 MAIN_03:27B7
MARISA_END			  Far16	 MAIN_03:28BD
MARISA_INIT			  Far16	 MAIN_03:0E22
MARISA_UPDATE			  Far16	 MAIN_03:253F
MAXCHAR				  Number 0200
MAXPAT				  Number 0200
MAX_COLOR			  Number 0004
MEIRA_14519			  Near16 MAIN_03:1063
MEIRA_145E1			  Near16 MAIN_03:112B
MEIRA_1469C			  Near16 MAIN_03:11E6
MEIRA_146EF			  Near16 MAIN_03:1239
MEIRA_14726			  Near16 MAIN_03:1270
MEIRA_1483B			  Near16 MAIN_03:1385
MEIRA_1489C			  Near16 MAIN_03:13E6
MEIRA_148FD			  Near16 MAIN_03:1447
MEIRA_14A39			  Near16 MAIN_03:1583
MEIRA_14B33			  Near16 MAIN_03:167D
MEIRA_14BC2			  Near16 MAIN_03:170C
MEIRA_14C76			  Near16 MAIN_03:17C0
MEIRA_14DFC			  Near16 MAIN_03:1946
MEIRA_14E30			  Near16 MAIN_03:197A
MEIRA_14E9D			  Near16 MAIN_03:19E7
MEIRA_14F16			  Near16 MAIN_03:1A60
MEIRA_BG_RENDER			  Far16	 MAIN_03:0F2F
MEIRA_END			  Far16	 MAIN_03:1D62
MEIRA_INIT			  Far16	 MAIN_03:1D86
MEIRA_UPDATE			  Far16	 MAIN_03:1C3E
MEMID_BFILE			  Number 0006
MEMID_BGM			  Number 0008
MEMID_EFS			  Number 0009
MEMID_FONT			  Number 0001
MEMID_GAIJI			  Number 0002
MEMID_MAG			  Number 000B
MEMID_PFILE			  Number 0007
MEMID_PI			  Number 000A
MEMID_SUPER			  Number 0004
MEMID_TEXTBACK			  Number 000C
MEMID_UNKNOWN			  Number 0000
MEMID_VTX			  Number 000D
MEMID_VVRAM			  Number 0005
MEMID_WFONT			  Number 0003
MEMSEG				  Number 0006
MEM_ALLOCID (mem_AllocID)	  Word	 DGROUP:07D6
MEM_ASSIGN (MEM_ASSIGN)		  Far16	 _TEXT:26C0
MEM_ASSIGN_ALL (MEM_ASSIGN_ALL)	  Far16	 _TEXT:26E6
MEM_ASSIGN_DOS (MEM_ASSIGN_DOS)	  Far16	 _TEXT:269E
MEM_ENDMARK (mem_EndMark)	  Word	 DGROUP:00E2
MEM_FIRSTHOLE (mem_FirstHole)	  Word	 DGROUP:00E0
MEM_MYOWN (mem_MyOwn)		  Word	 DGROUP:07D4
MEM_OUTSEG (mem_OutSeg)		  Word	 DGROUP:00DC
MEM_RESERVE (mem_Reserve)	  Word	 DGROUP:07D8
MEM_TOPHEAP (mem_TopHeap)	  Word	 DGROUP:00DE
MEM_TOPSEG (mem_TopSeg)		  Word	 DGROUP:07D2
MEM_UNASSIGN (MEM_UNASSIGN)	  Far16	 _TEXT:28BA
MIDBOSS1_137FE			  Near16 MAIN_03:0348
MIDBOSS1_138B3			  Near16 MAIN_03:03FD
MIDBOSS2_14169			  Near16 MAIN_03:0CB3
MIDBOSS2_14203			  Near16 MAIN_03:0D4D
MIDBOSS3_0_LEFT_ON_PAGE		  Word	 DGROUP:11B6
MIDBOSS3_0_LEFT_ON_PAGE_0	  Word	 DGROUP:11B6
MIDBOSS3_0_LEFT_ON_PAGE_1	  Word	 DGROUP:11B8
MIDBOSS3_0_TOP_ON_PAGE		  Word	 DGROUP:11CA
MIDBOSS3_0_TOP_ON_PAGE_0	  Word	 DGROUP:11CA
MIDBOSS3_0_TOP_ON_PAGE_1	  Word	 DGROUP:11CC
MIDBOSS3_11183			  Near16 MAIN_03:0334
MIDBOSS3_111D1			  Near16 MAIN_03:0382
MIDBOSS3_1120F			  Near16 MAIN_03:03C0
MIDBOSS3_11308			  Near16 MAIN_03:04B9
MIDBOSS3_1_LEFT_ON_PAGE		  Word	 DGROUP:11BA
MIDBOSS3_1_LEFT_ON_PAGE_0	  Word	 DGROUP:11BA
MIDBOSS3_1_LEFT_ON_PAGE_1	  Word	 DGROUP:11BC
MIDBOSS3_1_TOP_ON_PAGE		  Word	 DGROUP:11CE
MIDBOSS3_1_TOP_ON_PAGE_0	  Word	 DGROUP:11CE
MIDBOSS3_1_TOP_ON_PAGE_1	  Word	 DGROUP:11D0
MIDBOSS3_COUNT			  Number 0002
MIDBOSS3_DAMAGE			  Word	 DGROUP:11DE
MIDBOSS3_FLAG			  Byte	 DGROUP:11FA
MIDBOSS4_19F52			  Near16 MAIN_03:059F
MIDBOSS4_19FAF			  Near16 MAIN_03:05FC
MIDBOSS4_1A044			  Near16 MAIN_03:0691
Turbo Assembler	 Version 5.3	    09-05-26 02:41:13	    Page 47
Symbol Table



MIDBOSS4_1A0CE			  Near16 MAIN_03:071B
MIDBOSS4_1A103			  Near16 MAIN_03:0750
MIDBOSS4_1A151			  Near16 MAIN_03:079E
MIDBOSS4_1A17E			  Near16 MAIN_03:07CB
MIDBOSS4_1A1B6			  Near16 MAIN_03:0803
MIDBOSSX_15311			  Near16 MAIN_03:1E5B
MIDBOSSX_1536C			  Near16 MAIN_03:1EB6
MIMA_17A7F			  Near16 MAIN_03:45C9
MIMA_17C92			  Near16 MAIN_03:47DC
MIMA_17D59			  Near16 MAIN_03:48A3
MIMA_17E91			  Near16 MAIN_03:49DB
MIMA_17F27			  Near16 MAIN_03:4A71
MIMA_180AC			  Near16 MAIN_03:4BF6
MIMA_180EC			  Near16 MAIN_03:4C36
MIMA_181B3			  Near16 MAIN_03:4CFD
MIMA_183D0			  Near16 MAIN_03:4F1A
MIMA_188AA			  Near16 MAIN_03:53F4
MIMA_18905			  Near16 MAIN_03:544F
MIMA_18A1B			  Near16 MAIN_03:5565
MIMA_18B4B			  Near16 MAIN_03:5695
MIMA_18BA6			  Near16 MAIN_03:56F0
MIMA_18C4A			  Near16 MAIN_03:5794
MIMA_18DE0			  Near16 MAIN_03:592A
MIMA_18EB8			  Near16 MAIN_03:5A02
MIMA_19173			  Near16 MAIN_03:5CBD
MIMA_191CC			  Near16 MAIN_03:5D16
MIMA_19353			  Near16 MAIN_03:5E9D
MIMA_193A4			  Near16 MAIN_03:5EEE
MIMA_19C1D			  Near16 MAIN_03:026A
MIMA_19C8D			  Near16 MAIN_03:02DA
MIMA_BG_RENDER			  Far16	 MAIN_03:46BF
MIMA_END			  Far16	 MAIN_03:03E3
MIMA_INIT			  Far16	 MAIN_03:0000
MIMA_UPDATE			  Far16	 MAIN_03:5FA0
MINLCNT				  Number 0001
MINNOTE				  Number 0020
MMAX				  Number 0010
MMD				  Number 0061
MMD_TICKS_PER_QUARTER_NOTE	  Number 0030
MODE				  Number [410C]
MODMASK				  Number 0006
MOVEFILEPOINTER			  Number 0042
MPN_LOAD (MPN_LOAD)		  Far16	 SHARED:---- Extern
NOERROR				  Number 0000
NOMEM				  Near16 _TEXT:270B
NOTFIN				  Number 0000
NO_COMMENT			  Near16 _TEXT:146F
NO_IMAGE			  Near16 _TEXT:1496
NO_MACHINEINFO			  Near16 _TEXT:1489
NO_MEMORY			  Near16 _TEXT:2795
NO_SETAREA			  Near16 _TEXT:143D
NO_TAIL				  Near16 _TEXT:2853
NO_THANKYOU			  Near16 _TEXT:280C
NUM				  Number 0006
OFF				  Number 0000
OFF_15210			  Word	 MAIN_03:1D5A
OFF_17500			  Word	 MAIN_03:404A
OFF_17510			  Word	 MAIN_03:405A
OFF_17518			  Word	 MAIN_03:4062
OFF_19937			  Word	 MAIN_03:6481
OFF_1A419			  Word	 MAIN_03:0A66
OFF_1C160			  Word	 MAIN_03:27AD
OFF_1DB6C			  Dword	 DGROUP:006C
OFF_1DB70			  Dword	 DGROUP:0070
OFF_1DB76			  Dword	 DGROUP:0076
OFF_1DB7A			  Dword	 DGROUP:007A
OFF_1DB7E			  Dword	 DGROUP:007E
OFF_B982			  Word	 MAIN_01:082D
OFF_CD16			  Word	 MAIN_01:0370
OFF_D047			  Word	 MAIN_01:06A1
OFF_D057			  Word	 MAIN_01:06B1
OFF_D352			  Word	 MAIN_01:09AC
OFF_D362			  Word	 MAIN_01:09BC
OFF_F443			  Word	 MAIN_01:026B
OFST				  Number 0008
ON				  Number 0001
ONKAI_NOTE_MASK			  Number 000F
ONKAI_OCTAVE_MASK		  Number 00F0
ONKAI_REST			  Number -0001
ON_HOOK				  Byte	 _TEXT:3798
OPENHANDLE			  Number 003D
OPEN_ERROR			  Near16 _TEXT:083A
ORG_INT21			  Dword	 _TEXT:3794
OR_GREEN			  Near16 _TEXT:2996
OR_INTEN			  Near16 _TEXT:29A6
OR_RED				  Near16 _TEXT:2986
OVERWRITING			  Near16 _TEXT:2BE0
PALETTENOTE (PaletteNote)	  Word	 DGROUP:04CC
PALETTES (Palettes)		  Byte	 DGROUP:00A2
PALETTESINIT (PalettesInit)	  Byte	 DGROUP:049C
PALETTETONE (PaletteTone)	  Word	 DGROUP:049A
PALETTE_BLACK_OUT	       +  Far16	 _TEXT:02C4
(PALETTE_BLACK_OUT)
Turbo Assembler	 Version 5.3	    09-05-26 02:41:13	    Page 48
Symbol Table



PALETTE_SHOW (PALETTE_SHOW)	  Far16	 _TEXT:1C84
PALETTE_WHITE_IN	       +  Far16	 _TEXT:25EA
(PALETTE_WHITE_IN)
PALETTE_WHITE_OUT	       +  Far16	 _TEXT:262A
(PALETTE_WHITE_OUT)
PALSHOW_LCD			  Near16 _TEXT:1CEE
PALSHOW_LLOOP			  Near16 _TEXT:1D12
PALSHOW_NEWNOTE			  Near16 _TEXT:1D03
PALSHOW_PLOOP			  Near16 _TEXT:1CB5
PALSHOW_S1			  Near16 _TEXT:1D47
PALSHOW_S2			  Near16 _TEXT:1D4D
PALSHOW_SKIP			  Near16 _TEXT:1CAA
PALSHOW_XORVAL			  Byte	 _TEXT:1D6C
PARASIZE			  Number 0006
PARFILENAME			  Byte	 DGROUP:0ABE
PATFREE				  Near16 _TEXT:28F5
PATNUM_2064E			  Word	 DGROUP:11E8
PATNUM_22D54			  Word	 DGROUP:38EE
PATSEG				  Number 0006
PATSIZE				  Number 0008
PATTERN_BLUE			  Number 0001
PATTERN_ERASE			  Number 0000
PATTERN_GREEN			  Number 0003
PATTERN_HEIGHT			  Number 0010
PATTERN_INTEN			  Number 0004
PATTERN_RED			  Number 0002
PAT_BULLET16_BALL		  Number 0056
PAT_BULLET16_BILLIARD_BALL_PURPL  Number 007B
E
PAT_BULLET16_BILLIARD_BALL_RED	  Number 007A
PAT_BULLET16_NOROI		  Number 0054
PAT_BULLET16_OUTLINED_BALL_BEIGE  Number 0050
PAT_BULLET16_OUTLINED_BALL_GREEN  Number 0052
PAT_BULLET16_OUTLINED_BALL_RED	  Number 0051
PAT_BULLET16_STAR		  Number 0055
PAT_ITEM_1UP			  Number 0057
PAT_ITEM_BIGPOWER		  Number 0047
PAT_ITEM_BOMB			  Number 0046
PAT_ITEM_POINT			  Number 0045
PAT_ITEM_POWER			  Number 0044
PAT_OPTION_A			  Number 0048
PAT_OPTION_B			  Number 0049
PAT_OPTION_C			  Number 004A
PAT_PLAYCHAR_LEFT		  Number 0002
PAT_PLAYCHAR_MISS		  Number 0004
PAT_PLAYCHAR_RIGHT		  Number 0003
PAT_PLAYCHAR_STILL		  Number 0000
PELLET_W			  Number 0008
PF				  Number 0006
PFCLOSE	(PFCLOSE)		  Far16	 _TEXT:1D8E
PFEILEXE			  Number 0007
PFEILPFILE			  Number 0006
PFEINTERNAL			  Number 00FF
PFEND (PFEND)			  Far16	 _TEXT:37FA
PFEND_RETURN			  Near16 _TEXT:3829
PFENOMEM			  Number 0003
PFENOTFOUND			  Number 0002
PFENOTOPEN			  Number 0001
PFERESERVE0			  Number 0004
PFERRNO	(pferrno)		  Word	 DGROUP:04D4
PFEUNKNOWN			  Number 0005
PFEZERO				  Number 0000
PFGETC (PFGETC)			  Far16	 _TEXT:1DA8
PFGETC1	(PFGETC1)		  Near16 _TEXT:1DB8
PFGETX0	(PFGETX0)		  Near16 _TEXT:1E06
PFGETX1	(PFGETX1)		  Near16 _TEXT:1E4A
PFINT21				  Far16	 _TEXT:382A
PFINT21_HANDLE			  Word	 DGROUP:0B40
PFINT21_PF			  Word	 DGROUP:0B3E
PFKEY (pfkey)			  Byte	 DGROUP:04D6
PFOPEN (PFOPEN)			  Far16	 _TEXT:398E
PFOPEN_1			  Near16 _TEXT:39A5
PFOPEN_2			  Near16 _TEXT:39B8
PFOPEN_CLOSE			  Near16 _TEXT:3A4D
PFOPEN_ERROR			  Near16 _TEXT:3A65
PFOPEN_FREE			  Near16 _TEXT:3A59
PFOPEN_NOMEM			  Near16 _TEXT:3A60
PFOPEN_PF_LEN			  Near16 _TEXT:3A00
PFOPEN_PF_NONE			  Near16 _TEXT:39F6
PFOPEN_Q			  Near16 _TEXT:3A67
PFOPEN_RETURN			  Near16 _TEXT:3A15
PFREAD (PFREAD)			  Far16	 _TEXT:1E58
PFREWIND (PFREWIND)		  Far16	 _TEXT:1E86
PFSEEK (PFSEEK)			  Far16	 _TEXT:1EC2
PFSTART	(PFSTART)		  Far16	 _TEXT:379A
PFSTART_1			  Near16 _TEXT:37A9
PFSTART_COPY			  Near16 _TEXT:37D0
PF_LIMIT			  Byte	 DGROUP:0809
PIXEL_NONE			  Number -03E7
PI_EOF				  Number 001A
PLANE_BLUE			  Number FFCE
PLANE_COUNT			  Number 0004
PLANE_ERASE			  Number 00C0
Turbo Assembler	 Version 5.3	    09-05-26 02:41:13	    Page 49
Symbol Table



PLANE_GREEN			  Number FFCB
PLANE_INTEN			  Number FFC7
PLANE_PUT			  Number FFC0
PLANE_RED			  Number FFCD
PLANE_SIZE			  Number 7D00
PLAYCHAR_SHOT_FUNC		  Word	 DGROUP:119C
PLAYER_BOMB (PLAYER_BOMB)	  Near16 MAIN_01:0108
PLAYER_H			  Number 0030
PLAYER_LEFT_START		  Number 00D0
PLAYER_LEFT_TO_OPTION_LEFT_LEFT	  Number 0010
PLAYER_OPTION_DISTANCE		  Number 0018
PLAYER_OPTION_H			  Number 0010
PLAYER_OPTION_TO_OPTION_DISTANCE  Number 0030
PLAYER_OPTION_W			  Number 0010
PLAYER_TOP_START		  Number 0150
PLAYER_W			  Number 0020
PLAYFIELD_BOTTOM		  Number 0180
PLAYFIELD_H			  Number 0170
PLAYFIELD_LEFT			  Number 0020
PLAYFIELD_RIGHT			  Number 01A0
PLAYFIELD_TOP			  Number 0010
PLAYFIELD_VRAM_LEFT		  Number 0004
PLAYFIELD_VRAM_RIGHT		  Number 0034
PLAYFIELD_VRAM_W		  Number 0030
PLAYFIELD_W			  Number 0180
PLAYPERF_MIN			  Number -0006
PMAX				  Number 0003
PMD				  Number 0060
PMD_GET_DRIVER_VERSION		  Number 0009
PMD_GET_SE_ADDRESS		  Number 000B
PMD_GET_WORKAREA_ADDRESS	  Number 0010
PMD_SE_PLAY			  Number 000C
POINTNUM			  Number 0000
POINTNUM_COUNT			  Number 0014
POINTNUM_EMPTY			  Number 000C
POINTNUM_H			  Number 0008
POINTNUM_MUL			  Number 000A
POINTNUM_W			  Number 0008
POINT_23A6C			  Struct DGROUP:4606 POINT
POINT_24E7C			  Struct DGROUP:5A16 POINT
POINT_254E6			  Struct DGROUP:6080 POINT
POINT_255A4			  Struct DGROUP:613E POINT
POINT_26CD6			  Struct DGROUP:7870 POINT
POINT_26CDE			  Struct DGROUP:7878 POINT
POINT_26D76			  Struct DGROUP:7910 POINT
POWER_MAX			  Number 0050
POWER_MIN			  Number 0001
POWER_OVERFLOW_MAX		  Number 002A
RANDOM_SEED (random_seed)	  Dword	 DGROUP:04D8
RANDRING_SIZE			  Number 0100
RANK_COUNT			  Number 0005
RANK_EASY			  Number 0000
RANK_EXTRA			  Number 0004
RANK_HARD			  Number 0002
RANK_LUNATIC			  Number 0003
RANK_NORMAL			  Number 0001
RAW_CRTBIOS			  Word	 _TEXT:24CA
RAW_CRTBIOS_SEG			  Word	 _TEXT:24CC
READHANDLE			  Number 003F
RED				  Near16 _TEXT:297E
RESPALSEG (ResPalSeg)		  Word	 DGROUP:04CE
REST				  Number 0048
RES_X				  Number 0280
RES_Y				  Number 0190
RETSIZE				  Number 0002
RETURN				  Near16 _TEXT:27FB
RGB_21A4D			  Struct DGROUP:25E7 RGB_T
RGB_21A50			  Struct DGROUP:25EA RGB_T
RIGHT_OUT			  Number 0002
RIKA_13C0C			  Near16 MAIN_03:0756
RIKA_13C91			  Near16 MAIN_03:07DB
RIKA_13ECD			  Far16	 MAIN_03:0A17
RIKA_13F34			  Far16	 MAIN_03:0A7E
RIKA_BG_RENDER			  Far16	 MAIN_03:06FF
RIKA_END			  Far16	 MAIN_03:06D5
RIKA_INIT			  Far16	 MAIN_03:0628
RIKA_UPDATE			  Far16	 MAIN_03:0B2F
RLA1				  Near16 _TEXT:177C
ROTTBL (RotTbl)			  Dword	 _TEXT:1F1C
ROW_SIZE			  Number 0050
S1				  Number 0008
S2				  Number 0004
SBUFMAX				  Number 0100
SCOPY@ (SCOPY@)			  Far16	 ----:---- Extern
SCOREDAT_NAME_LEN		  Number 0006
SCOREDAT_PLACES			  Number 000A
SCORE_DIGITS			  Number 0008
SCREEN_HEIGHT			  Number 0190
SCREEN_XBYTE			  Number 0050
SCREEN_XBYTES			  Number 0050
SDIEXISTS (SdiExists)		  Word	 DGROUP:04D0
SEARCH_HOLE			  Near16 _TEXT:2751
SEARCH_HOLE_E			  Near16 _TEXT:276D
Turbo Assembler	 Version 5.3	    09-05-26 02:41:13	    Page 50
Symbol Table



SEARCH_HOLE_E0			  Near16 _TEXT:2769
SEARCH_HOLE_S			  Near16 _TEXT:274D
SEARCH_NEXT_HOLE		  Near16 _TEXT:27E7
SEEK				  Near16 _TEXT:3A6E
SEEK_CMP			  Near16 _TEXT:3AF6
SEEK_ERROR			  Near16 _TEXT:3B0B
SEEK_LOOP			  Near16 _TEXT:3AAE
SEEK_NOT			  Near16 _TEXT:3AEA
SEEK_RETURN			  Near16 _TEXT:3B0D
SEEK_SEEK			  Near16 _TEXT:3AA6
SEG_PLANE_B			  Number A800
SEG_PLANE_DIST_BRG		  Number 0800
SEG_PLANE_DIST_E		  Number 2800
SEG_PLANE_E			  Number E000
SEG_PLANE_G			  Number B800
SEG_PLANE_R			  Number B000
SEND				  Number 0000
SETBLOCK			  Number 004A
SETFONTW			  Near16 _TEXT:12AA
SETINTERRUPTVECTOR		  Number 0025
SETPSP				  Number 0050
SF_ACTIVE			  Number 0001
SF_DORMANT			  Number 0000
SF_KILL_ANIM			  Number 0002
SF_REMOVE			  Number 0003
SF_REMOVED			  Number 0004
SHOTTYPE_COUNT			  Number 0003
SHOT_A				  Near16 MAIN_01:0187
SHOT_B				  Near16 MAIN_01:0384
SHOT_C				  Near16 MAIN_01:06C5
SHOT_LEVEL_MAX			  Number 0009
SIGMA_155C5			  Near16 MAIN_03:210F
SIGMA_15645			  Near16 MAIN_03:218F
SIGMA_1566F			  Near16 MAIN_03:21B9
SIGMA_158DC			  Near16 MAIN_03:2426
SIGMA_15907			  Near16 MAIN_03:2451
SIGMA_15A25			  Near16 MAIN_03:256F
SIGMA_15D56			  Near16 MAIN_03:28A0
SIGMA_15E84			  Near16 MAIN_03:29CE
SIGMA_15EF7			  Near16 MAIN_03:2A41
SIGMA_15F6F			  Near16 MAIN_03:2AB9
SIGMA_15F95			  Near16 MAIN_03:2ADF
SIGMA_16176			  Near16 MAIN_03:2CC0
SIGMA_1619C			  Near16 MAIN_03:2CE6
SIGMA_162D3			  Near16 MAIN_03:2E1D
SIGMA_16421			  Near16 MAIN_03:2F6B
SIGMA_16555			  Near16 MAIN_03:309F
SIGMA_165A5			  Near16 MAIN_03:30EF
SIGMA_16606			  Near16 MAIN_03:3150
SIGMA_16650			  Near16 MAIN_03:319A
SIGMA_1668E			  Near16 MAIN_03:31D8
SIGMA_166DE			  Far16	 MAIN_03:3228
SIGMA_BG_RENDER			  Far16	 MAIN_03:24F9
SIGMA_END			  Far16	 MAIN_03:356B
SIGMA_INIT			  Far16	 MAIN_03:34B5
SIGMA_UPDATE			  Far16	 MAIN_03:328E
SIZ				  Number 0008
SKIP				  Near16 _TEXT:2CD4
SKIP_RLB			  Near16 _TEXT:17BA
SMAX				  Number 0010
SMEM_RELEASE (SMEM_RELEASE)	  Far16	 _TEXT:231C
SMEM_WGET (SMEM_WGET)		  Far16	 _TEXT:2332
SND_LOAD_FN_LEN			  Number 000D
SND_LOAD_SE			  Number 0B00
SND_LOAD_SONG			  Number 0600
SPARK_CELS			  Number 0008
SPARK_COUNT			  Number 0040
SPARK_H				  Number 0008
SPARK_SIZE			  Number 0010
SPARK_VRAM_W			  Number 0002
SPARK_W				  Number 0008
SPEED_252E8			  Word	 DGROUP:5E82
SPEED_252EA			  Word	 DGROUP:5E84
SPEED_26CDB			  Byte	 DGROUP:7875
SP_BOSS				  Number 0001
SP_CLEAR			  Number 0002
SP_STAGE			  Number 0000
SRA_DOT				  Number 0000
SRA_SPRITE			  Number 000E
SRC				  Number -0014
STAGE1_GAIJI_HALFLEN		  Byte	 DGROUP:0001
STONES_116EC			  Near16 MAIN_03:089D
STONES_11766			  Near16 MAIN_03:0917
STONES_11877			  Near16 MAIN_03:0A28
STONES_11997			  Near16 MAIN_03:0B48
STONES_119CD			  Near16 MAIN_03:0B7E
STONES_11A87			  Near16 MAIN_03:0C38
STONES_11B5D			  Near16 MAIN_03:0D0E
STONES_11BFE			  Near16 MAIN_03:0DAF
STONES_11C37			  Near16 MAIN_03:0DE8
STONES_11C8A			  Near16 MAIN_03:0E3B
STONES_11D30			  Near16 MAIN_03:0EE1
STONES_11DF6			  Near16 MAIN_03:0FA7
Turbo Assembler	 Version 5.3	    09-05-26 02:41:13	    Page 51
Symbol Table



STONES_11E40			  Near16 MAIN_03:0FF1
STONES_11E76			  Near16 MAIN_03:1027
STONES_11F2F			  Near16 MAIN_03:10E0
STONES_11FB5			  Near16 MAIN_03:1166
STONES_1200F			  Near16 MAIN_03:11C0
STONES_120F7			  Near16 MAIN_03:12A8
STONES_121BA			  Near16 MAIN_03:136B
STONES_121F3			  Near16 MAIN_03:13A4
STONES_1223E			  Near16 MAIN_03:13EF
STONES_122B5			  Near16 MAIN_03:1466
STONES_1232F			  Near16 MAIN_03:14E0
STONES_12778			  Near16 MAIN_03:1929
STONES_BG_RENDER		  Far16	 MAIN_03:085E
STONES_END			  Far16	 MAIN_03:18EC
STONES_INIT			  Far16	 MAIN_03:1905
STONES_UPDATE			  Far16	 MAIN_03:155A
STONE_COUNT			  Number 0005
STONE_INNER_EAST		  Number 0001
STONE_INNER_WEST		  Number 0000
STONE_NORTH			  Number 0004
STONE_OUTER_EAST		  Number 0003
STONE_OUTER_WEST		  Number 0002
STONE_W				  Number 0020
STRING				  Number 0006
STRRCHR_DONE			  Near16 _TEXT:3A9E
STRRCHR_LOOP			  Near16 _TEXT:3A8E
STR_IEQ				  Near16 _TEXT:3B34
STR_IEQ_1			  Near16 _TEXT:3B4D
STR_IEQ_2			  Near16 _TEXT:3B58
STR_IEQ_LOOP			  Near16 _TEXT:3B40
STR_IEQ_NOTEQ			  Near16 _TEXT:3B62
STR_IEQ_RET			  Near16 _TEXT:3B64
SUBPIXEL_BITS			  Number 0004
SUBPIXEL_FACTOR			  Number 0010
SUBPIXEL_NONE			  Number -3E70
SUB_1028C			  Far16	 MAIN_03:02FB
SUB_10E4F			  Far16	 MAIN_03:0000
SUB_10E95			  Far16	 MAIN_03:0046
SUB_1283C			  Near16 MAIN_03:19ED
SUB_129DD			  Far16	 MAIN_03:1B8E
SUB_129FC			  Far16	 MAIN_03:1BAD
SUB_12A19			  Near16 MAIN_03:1BCA
SUB_12A7D			  Far16	 MAIN_03:1C2E
SUB_12AE2			  Near16 MAIN_03:1C93
SUB_12B9E			  Far16	 MAIN_03:1D4F
SUB_134B6			  Near16 MAIN_03:0000
SUB_13513			  Far16	 MAIN_03:005D
SUB_135BB			  Near16 MAIN_03:0105
SUB_13671			  Far16	 MAIN_03:01BB
SUB_13ABB			  Far16	 MAIN_03:0605
SUB_1403E			  Near16 MAIN_03:0B88
SUB_140AE			  Far16	 MAIN_03:0BF8
SUB_16A6B			  Far16	 MAIN_03:35B5
SUB_16A8A			  Far16	 MAIN_03:35D4
SUB_16AA7			  Near16 MAIN_03:35F1
SUB_16ADD			  Near16 MAIN_03:3627
SUB_16AFC			  Near16 MAIN_03:3646
SUB_16B69			  Near16 MAIN_03:36B3
SUB_16BF4			  Near16 MAIN_03:373E
SUB_16C96			  Near16 MAIN_03:37E0
SUB_16D9B			  Far16	 MAIN_03:38E5
SUB_16E3D			  Near16 MAIN_03:3987
SUB_17562			  Near16 MAIN_03:40AC
SUB_175E8			  Near16 MAIN_03:4132
SUB_1766E			  Far16	 MAIN_03:41B8
SUB_17979			  Far16	 MAIN_03:44C3
SUB_17A55			  Far16	 MAIN_03:459F
SUB_19E2F			  Far16	 MAIN_03:047C
SUB_1A423			  Near16 MAIN_03:0A70
SUB_1A46B			  Near16 MAIN_03:0AB8
SUB_1A529			  Near16 MAIN_03:0B76
SUB_1A6C5			  Near16 MAIN_03:0D12
SUB_1C287			  Far16	 MAIN_04_TEXT:0000
SUB_1C341			  Far16	 MAIN_04_TEXT:00BA
SUB_1C3DF			  Far16	 MAIN_05_TEXT:0000
SUB_1C608			  Far16	 MAIN_05_TEXT:0229
SUB_1CD36			  Far16	 MAIN_06:0000
SUB_1CD8E			  Far16	 MAIN_06:0058
SUB_1CDD6			  Far16	 MAIN_06:00A0
SUB_3DDE			  Far16	 _TEXT:3B6C
SUB_3E1C			  Far16	 _TEXT:3BAA
SUB_3E6A			  Far16	 _TEXT:3BF8
SUB_3EC2			  Near16 _TEXT:3C50
SUB_3EF4			  Far16	 _TEXT:3C82
SUB_3F8A			  Far16	 _TEXT:3D18
SUB_B2AB			  Near16 MAIN_01:0156
SUB_B362			  Near16 MAIN_01:020D
SUB_B396			  Near16 MAIN_01:0241
SUB_B3DA			  Near16 MAIN_01:0285
SUB_B98E			  Near16 MAIN_01:0839
SUB_B9E2			  Near16 MAIN_01:088D
SUB_BCB1			  Far16	 MAIN_01:0B5C
SUB_BF9C			  Far16	 MAIN_01:0E65
Turbo Assembler	 Version 5.3	    09-05-26 02:41:13	    Page 52
Symbol Table



SUB_BFD0			  Far16	 MAIN_01:0E99
SUB_C05D			  Far16	 MAIN_01:0F26
SUB_C2F4			  Near16 MAIN_01:11BD
SUB_C31F			  Near16 MAIN_01:11E8
SUB_C5B0			  Near16 MAIN_01:1479
SUB_CA1C			  Far16	 MAIN_01:0076
SUB_CA62			  Near16 MAIN_01:00BC
SUB_CAD2			  Near16 MAIN_01:012C
SUB_D376			  Far16	 MAIN_01:09D0
SUB_D38F			  Near16 MAIN_01:09E9
SUB_E178			  Near16 MAIN_01:0000
SUB_E24A			  Near16 MAIN_01:00D2
SUB_E271			  Near16 MAIN_01:00F9
SUB_E2D9			  Near16 MAIN_01:0161
SUB_E48C			  Near16 MAIN_01:0314
SUB_E512			  Near16 MAIN_01:039A
SUB_E5B5			  Near16 MAIN_01:043D
SUB_EA6B			  Near16 MAIN_01:08F3
SUB_F1D8			  Near16 MAIN_01:0000
SUB_FF91			  Near16 MAIN_03:0000
SUB_FFF8			  Near16 MAIN_03:0067
SUPERL1P_ADD_DI1		  Number _TEXT:2DB9
SUPERL1P_ADD_DI2		  Number _TEXT:2E05
SUPERL1P_ADD_DI3		  Number _TEXT:2E64
SUPERL1P_ADD_DI4		  Number _TEXT:2EB3
SUPERL1P_COUNT1			  Number _TEXT:2DBB
SUPERL1P_COUNT2			  Number _TEXT:2E07
SUPERL1P_COUNT3			  Number _TEXT:2E66
SUPERL1P_COUNT4			  Number _TEXT:2EB5
SUPERL1P_WORD_MASK1		  Number _TEXT:2DA6
SUPERL1P_WORD_MASK2		  Number _TEXT:2DEC
SUPERL1P_WORD_MASK3		  Number _TEXT:2E4C
SUPERL1P_WORD_MASK4		  Number _TEXT:2EA0
SUPEROLL_ADD_DI1		  Number _TEXT:3019
SUPEROLL_ADD_DI2		  Number _TEXT:3053
SUPEROLL_ADD_DI3		  Number _TEXT:3096
SUPEROLL_ADD_DI4		  Number _TEXT:30D5
SUPEROLL_BP_			  Word	 _TEXT:2FF7
SUPEROLL_BX_			  Word	 _TEXT:2FF1
SUPEROLL_BYTE_MASK1		  Number _TEXT:3006
SUPEROLL_BYTE_MASK2		  Number _TEXT:303A
SUPEROLL_BYTE_MASK3		  Number _TEXT:307E
SUPEROLL_BYTE_MASK4		  Number _TEXT:30C2
SUPEROLL_COUNT1			  Number _TEXT:301B
SUPEROLL_COUNT2			  Number _TEXT:3055
SUPEROLL_COUNT3			  Number _TEXT:3098
SUPEROLL_COUNT4			  Number _TEXT:30D7
SUPEROLL_DISP			  Near16 _TEXT:2FF0
SUPEROLL_DISP1			  Near16 _TEXT:2FFE
SUPEROLL_DISP2			  Near16 _TEXT:302E
SUPEROLL_DISP3			  Near16 _TEXT:3068
SUPEROLL_DISP4			  Near16 _TEXT:30AC
SUPEROLL_DISP_ADDRESS		  Word	 _TEXT:2FFA
SUPEROLL_DI_			  Word	 _TEXT:2FF4
SUPERPAT_NO_MEMORY		  Far16	 _TEXT:2918
SUPERPTR_DRAW			  Near16 _TEXT:32A4
SUPERPTR_DRAWLEN_		  Word	 _TEXT:32B1
SUPERPTR_DRAW_ADR_		  Word	 _TEXT:32AE
SUPERPTR_DRAW_NOSHIFT		  Near16 _TEXT:3274
SUPERPTR_DRAW_SHIFT		  Near16 _TEXT:322E
SUPERPTR_EXIT			  Far16	 _TEXT:30EA
SUPERPTR_PLANESIZE_		  Word	 _TEXT:32E0
SUPERPTR_PTNSEG_		  Word	 _TEXT:32A7
SUPERPTR_SHIFT_			  Byte	 _TEXT:31E9
SUPERPTR_S_ADD_DI_		  Word	 _TEXT:326E
SUPERPTR_S_ADD_SI_		  Word	 _TEXT:326A
SUPERPTR_S_DRAWLEN_		  Byte	 _TEXT:3243
SUPERPTR_YLEN_			  Word	 _TEXT:32AB
SUPERPUT_DISP			  Near16 _TEXT:348E
SUPERPUT_DISP1			  Near16 _TEXT:33D4
SUPERPUT_DISP2			  Near16 _TEXT:33F8
SUPERPUT_DISP3			  Near16 _TEXT:3426
SUPERPUT_DISP4			  Near16 _TEXT:345C
SUPERPUT_DISP_ADDRESS		  Word	 _TEXT:3494
SUPERZOM_BACK			  Number _TEXT:3708
SUPERZOM_NEXT_X			  Number _TEXT:36D5
SUPERZOM_NEXT_Y			  Number _TEXT:3715
SUPERZOM_PLANE1			  Word	 _TEXT:36A7
SUPERZOM_PLANE2			  Word	 _TEXT:36AF
SUPERZOM_PLANE3			  Word	 _TEXT:36B7
SUPERZOM_X1			  Number _TEXT:3711
SUPERZOM_X2			  Word	 _TEXT:36E2
SUPERZOM_X_COUNT		  Number _TEXT:370F
SUPERZOM_Y2			  Word	 _TEXT:36E8
SUPER_BUFFER (super_buffer)	  Word	 DGROUP:07FA
SUPER_CANCEL_PAT	       +  Far16	 _TEXT:2C94
(SUPER_CANCEL_PAT)
SUPER_CHARFREE (super_charfree)	  Word	 DGROUP:07FE
SUPER_CLEAN (SUPER_CLEAN)	  Far16	 _TEXT:2CE4
SUPER_CONVERT_TINY	       +  Far16	 _TEXT:35AE
(SUPER_CONVERT_TINY)
SUPER_ENTRY_AT (SUPER_ENTRY_AT)	  Far16	 _TEXT:2B96
SUPER_ENTRY_BFNT	       +  Far16	 _TEXT:2C0A
Turbo Assembler	 Version 5.3	    09-05-26 02:41:13	    Page 53
Symbol Table



(SUPER_ENTRY_BFNT)
SUPER_ENTRY_PAT		       +  Far16	 _TEXT:2922
(SUPER_ENTRY_PAT)
SUPER_FREE (SUPER_FREE)		  Far16	 _TEXT:28DE
SUPER_PATDATA (super_patdata)	  Word	 DGROUP:00E4
SUPER_PATNUM (super_patnum)	  Word	 DGROUP:07FC
SUPER_PATSIZE (super_patsize)	  Word	 DGROUP:04E4
SUPER_PUT (SUPER_PUT)		  Far16	 _TEXT:32E4
SUPER_PUT_1PLANE	       +  Far16	 _TEXT:29CE
(SUPER_PUT_1PLANE)
SUPER_PUT_RECT (SUPER_PUT_RECT)	  Far16	 _TEXT:30F0
SUPER_ROLL_PUT (SUPER_ROLL_PUT)	  Far16	 _TEXT:2ED4
SUPER_ROLL_PUT_1PLANE	       +  Far16	 _TEXT:2D0E
(SUPER_ROLL_PUT_1PLANE)
SUPER_ROLL_PUT_TINY	       +  Far16	 _TEXT:3496
(SUPER_ROLL_PUT_TINY)
SUPER_ZOOM (SUPER_ZOOM)		  Far16	 _TEXT:364A
SWITCH_TABLE			  Word	 _TEXT:3862
TATE_OUT			  Number 000C
TCNTMAX				  Number 0014
TEMPOMAX			  Number 00F0
TEMPOMIN			  Number 001E
TEXTSHOWN (TextShown)		  Word	 DGROUP:0762
TEXTVRAMADR (TextVramAdr)	  Dword	 DGROUP:075C
TEXTVRAMSEG (TextVramSeg)	  Word	 DGROUP:075E
TEXTVRAMWIDTH (TextVramWidth)	  Word	 DGROUP:0760
TEXT_BOXFILLA (TEXT_BOXFILLA)	  Far16	 _TEXT:2368
TEXT_CLEAR (TEXT_CLEAR)		  Far16	 _TEXT:23B6
TEXT_FILLCA (TEXT_FILLCA)	  Far16	 _TEXT:23C8
TEXT_PUTCA (TEXT_PUTCA)		  Far16	 _TEXT:2400
TEXT_PUTSA (TEXT_PUTSA)		  Far16	 _TEXT:2458
TEXT_SHOWN			  Near16 _TEXT:1432
TEXT_WIPE (TEXT_WIPE)		  Near16 MAIN_01:0E44
TILEMODE_21A4C			  Byte	 DGROUP:25E6
TILEMODE_21A53			  Byte	 DGROUP:25ED
TILEMODE_21A54			  Byte	 DGROUP:25EE
TILES_X				  Number 0018
TILES_Y				  Number 0019
TILE_AREA_COLUMNS		  Number 0004
TILE_AREA_LEFT			  Number 0240
TILE_AREA_ROWS			  Number 0019
TILE_AREA_TOP			  Number 0000
TILE_AREA_VRAM_LEFT		  Number 0048
TILE_COUNT			  Number 0258
TILE_FLAGS_Y			  Number 0032
TILE_FLAG_H			  Number 0008
TILE_H				  Number 0010
TILE_IMAGE_22FD2		  Word	 DGROUP:3B6C
TILE_IMAGE_22FD4		  Word	 DGROUP:3B6E
TILE_IMAGE_22FD6		  Word	 DGROUP:3B70
TILE_IMAGE_COUNT		  Number 0064
TILE_VRAM_W			  Number 0002
TILE_W				  Number 0010
TIMER				  Number 0001
TIMERMASK			  Number 0001
TIMER_CNT			  Number 0071
TIMER_SET			  Number 0077
TM_COL_0			  Number 0000
TM_NONE				  Number 0002
TM_TILES			  Number 0001
TOP_22D9A			  Word	 DGROUP:3934
TOP_253B8			  Word	 DGROUP:5F52
TOP_26C50			  Word	 DGROUP:77EA
TOP_26C5E			  Word	 DGROUP:77F8
TOP_26C62			  Word	 DGROUP:77FC
TOP_26D00			  Word	 DGROUP:789A
TOP_OUT				  Number 0008
TOP_SEG				  Number 0008
TRAPEZ_A (trapez_a)		  Word	 DGROUP:007A
TRAPEZ_B (trapez_b)		  Word	 DGROUP:0082
TRUE				  Number 0001
TVAL10ORG			  Number 099A
TVAL10ORG2			  Number 6000
TVAL8ORG			  Number 07CD
TVAL8ORG2			  Number 4E00
TVALATORG			  Number 04A9
TVALATORG_RTC			  Number 0010
TX_BLACK			  Number 0001
TX_BLINK			  Number 0002
TX_BLUE				  Number 0021
TX_CYAN				  Number 00A1
TX_GREEN			  Number 0081
TX_MAGENTA			  Number 0061
TX_RED				  Number 0041
TX_REVERSE			  Number 0004
TX_UNDERLINE			  Number 0008
TX_WHITE			  Number 00E1
TX_YELLOW			  Number 00C1
UNDF				  Number 0064
UNK_1F4AD			  Byte	 DGROUP:0047
USE_GRCG			  Number 0000
USE_TABLE			  Number 0001
VAR_1				  Number -0001
Turbo Assembler	 Version 5.3	    09-05-26 02:41:13	    Page 54
Symbol Table



VAR_10				  Number -0010
VAR_12				  Number -0012
VAR_2				  Number -0002
VAR_3				  Number -0003
VAR_4				  Number -0004
VAR_5				  Number -0005
VAR_6				  Number -0006
VAR_64				  Number -0064
VAR_7				  Number -0007
VAR_8				  Number -0008
VAR_9				  Number -0009
VAR_A				  Number -000A
VAR_B				  Number -000B
VAR_C				  Number -000C
VAR_E				  Number -000E
VAR_F				  Number -000F
VEND				  Number 0000
VSYNC_COUNT			  Far16	 _TEXT:2542
VSYNC_COUNT1 (vsync_Count1)	  Word	 DGROUP:00D2
VSYNC_COUNT2 (vsync_Count2)	  Word	 DGROUP:00D4
VSYNC_DELAY (vsync_Delay)	  Word	 DGROUP:07C6
VSYNC_DELAY_COUNT	       +  Word	 DGROUP:00DA
(vsync_delay_count)
VSYNC_DISABLE			  Number 0004
VSYNC_END (VSYNC_END)		  Far16	 _TEXT:257C
VSYNC_IMR			  Number 0002
VSYNC_LEAVE (VSYNC_LEAVE)	  Far16	 _TEXT:257C
VSYNC_OLDMASK (vsync_OldMask)	  Byte	 DGROUP:07C8
VSYNC_OLDVECT (vsync_OldVect)	  Dword	 DGROUP:00D6
VSYNC_PROC (vsync_Proc)		  Dword	 DGROUP:07C2
VSYNC_START (VSYNC_START)	  Far16	 _TEXT:24CE
VSYNC_VECT			  Number 000A
VSYNC_WAIT (VSYNC_WAIT)		  Far16	 _TEXT:25C4
V_WHITE				  Number 000F
WHENCE				  Number 0006
WIDE_RANGE			  Number 0000
WORD_1EB26			  Word	 DGROUP:1026
WORD_1ED94			  Word	 DGROUP:1294
WORD_1ED96			  Word	 DGROUP:1296
WORD_1ED98			  Word	 DGROUP:1298
WORD_1EDA2			  Word	 DGROUP:12A2
WORD_1EDA4			  Word	 DGROUP:12A4
WORD_1EDA8			  Word	 DGROUP:12A8
WORD_1EDAA			  Word	 DGROUP:12AA
WORD_1EE16			  Word	 DGROUP:1316
WORD_1EE18			  Word	 DGROUP:1318
WORD_1EE1A			  Word	 DGROUP:131A
WORD_1EE50			  Word	 DGROUP:1350
WORD_1EE54			  Word	 DGROUP:1354
WORD_1EE56			  Word	 DGROUP:1356
WORD_1EE98			  Word	 DGROUP:1398
WORD_1EE9A			  Word	 DGROUP:139A
WORD_1FFF0			  Word	 DGROUP:0B8A
WORD_1FFF2			  Word	 DGROUP:0B8C
WORD_1FFF4			  Word	 DGROUP:0B8E
WORD_1FFF6			  Word	 DGROUP:0B90
WORD_20164			  Word	 DGROUP:0CFE
WORD_20166			  Word	 DGROUP:0D00
WORD_20348			  Word	 DGROUP:0EE2
WORD_2034A			  Word	 DGROUP:0EE4
WORD_2034C			  Word	 DGROUP:0EE6
WORD_205D8			  Word	 DGROUP:1172
WORD_205DA			  Word	 DGROUP:1174
WORD_205DC			  Word	 DGROUP:1176
WORD_205E2			  Word	 DGROUP:117C
WORD_205E4			  Word	 DGROUP:117E
WORD_20616			  Word	 DGROUP:11B0
WORD_20686			  Word	 DGROUP:1220
WORD_218BE			  Word	 DGROUP:2458
WORD_218C0			  Word	 DGROUP:245A
WORD_22D4C			  Word	 DGROUP:38E6
WORD_22D4E			  Word	 DGROUP:38E8
WORD_22D9E			  Word	 DGROUP:3938
WORD_22DA0			  Word	 DGROUP:393A
WORD_22DA2			  Word	 DGROUP:393C
WORD_22FAA			  Word	 DGROUP:3B44
WORD_22FAC			  Word	 DGROUP:3B46
WORD_24E80			  Word	 DGROUP:5A1A
WORD_24E82			  Word	 DGROUP:5A1C
WORD_24E84			  Word	 DGROUP:5A1E
WORD_250E0			  Word	 DGROUP:5C7A
WORD_250E2			  Word	 DGROUP:5C7C
WORD_250E4			  Word	 DGROUP:5C7E
WORD_250FE			  Word	 DGROUP:5C98
WORD_252E2			  Word	 DGROUP:5E7C
WORD_252E4			  Word	 DGROUP:5E7E
WORD_252E6			  Word	 DGROUP:5E80
WORD_252EC			  Word	 DGROUP:5E86
WORD_252EE			  Word	 DGROUP:5E88
WORD_252F0			  Word	 DGROUP:5E8A
WORD_252F2			  Word	 DGROUP:5E8C
WORD_252F4			  Word	 DGROUP:5E8E
WORD_25592			  Word	 DGROUP:612C
Turbo Assembler	 Version 5.3	    09-05-26 02:41:13	    Page 55
Symbol Table



WORD_25594			  Word	 DGROUP:612E
WORD_2559A			  Word	 DGROUP:6134
WORD_2559C			  Word	 DGROUP:6136
WORD_255A8			  Word	 DGROUP:6142
WORD_255AA			  Word	 DGROUP:6144
WORD_255AC			  Word	 DGROUP:6146
WORD_255AE			  Word	 DGROUP:6148
WORD_255BC			  Word	 DGROUP:6156
WORD_26C3A			  Word	 DGROUP:77D4
WORD_26C44			  Word	 DGROUP:77DE
WORD_26C46			  Word	 DGROUP:77E0
WORD_26C48			  Word	 DGROUP:77E2
WORD_26C4A			  Word	 DGROUP:77E4
WORD_26C4C			  Word	 DGROUP:77E6
WORD_26C52			  Word	 DGROUP:77EC
WORD_26C54			  Word	 DGROUP:77EE
WORD_26C58			  Word	 DGROUP:77F2
WORD_26C60			  Word	 DGROUP:77FA
WORD_26C66			  Word	 DGROUP:7800
WORD_26C68			  Word	 DGROUP:7802
WORD_26C6A			  Word	 DGROUP:7804
WORD_26CBC			  Word	 DGROUP:7856
WORD_26CBE			  Word	 DGROUP:7858
WORD_26CCC			  Word	 DGROUP:7866
WORD_26CCE			  Word	 DGROUP:7868
WORD_26CD0			  Word	 DGROUP:786A
WORD_26CE6			  Word	 DGROUP:7880
WORD_26CE8			  Word	 DGROUP:7882
WORD_26CEA			  Word	 DGROUP:7884
WORD_26CF0			  Word	 DGROUP:788A
WORD_26CF2			  Word	 DGROUP:788C
WORD_26CF4			  Word	 DGROUP:788E
WORD_26CF6			  Word	 DGROUP:7890
WORD_26CFC			  Word	 DGROUP:7896
WORD_26CFE			  Word	 DGROUP:7898
WORD_26D42			  Word	 DGROUP:78DC
WORD_26D44			  Word	 DGROUP:78DE
WORD_26D46			  Word	 DGROUP:78E0
WORD_26D48			  Word	 DGROUP:78E2
WORD_26D4A			  Word	 DGROUP:78E4
WORD_26D54			  Word	 DGROUP:78EE
WORD_26D7A			  Word	 DGROUP:7914
WORD_26D82			  Word	 DGROUP:791C
WORD_26D84			  Word	 DGROUP:791E
WORD_26D8E			  Word	 DGROUP:7928
WORD_26D90			  Word	 DGROUP:792A
WRITEHANDLE			  Number 0040
W_ERROR				  Near16 _TEXT:2360
W_ERROR2			  Near16 _TEXT:2361
X1				  Number 000C
X2				  Number 0008
XBYTES				  Number 0050
XWIDTH				  Number [4000]
X_26C5C				  Word	 DGROUP:77F6
X_SEARCH_HOLE			  Near16 _TEXT:28A6
X_SEARCH_NEXT_HOLE		  Near16 _TEXT:289E
Y1				  Number 000A
Y2				  Number 0006
YOKO_OUT			  Number 0003
YSHIFT4				  Number 0004
YWIDTH				  Number [4002]
Y_22D9C				  Word	 DGROUP:3936
Y_26C64				  Word	 DGROUP:77FE
ZUN_PF_LEN			  Number 9595
ZUN_PF_NONE			  Number F388
_ADDRESS_0 (_address_0)		  Number 0000
_ARGC				  Number 0006
_ARGV				  Number 0008
_ATANTABLE8 (_AtanTable8)	  Byte	 DGROUP:0346
_AX				  Number 0012
_BBUFSIZ (_bbufsiz)		  Word	 DGROUP:04D2
_BFNT_ID (_BFNT_ID)		  Byte	 DGROUP:0446
_BGM_TITLES (_BGM_TITLES)	  Word	 DGROUP:0020
_BGM_TITLE_ID (_bgm_title_id)	  Byte	 DGROUP:0007
_BOMBING (_bombing)		  Byte	 DGROUP:244E
_BOMBS (_bombs)			  Byte	 DGROUP:0A9D
_BOMB_CIRCLE_CENTER	       +  Struct DGROUP:245E POINT
(_bomb_circle_center)
_BOMB_CIRCLE_DONE	       +  Word	 DGROUP:2464
(_bomb_circle_done)
_BOMB_CIRCLE_FRAME	       +  Word	 DGROUP:2462
(_bomb_circle_frame)
_BOMB_FRAME (_bomb_frame)	  Word	 DGROUP:2450
_BONUS_BOMBS (_BONUS_BOMBS)	  Byte	 DGROUP:090D
_BONUS_EQUALS (_BONUS_EQUALS)	  Byte	 DGROUP:0933
_BONUS_EXTRA_BOMBS	       +  Byte	 DGROUP:0946
(_BONUS_EXTRA_BOMBS)
_BONUS_EXTRA_CLEAR	       +  Byte	 DGROUP:0936
(_BONUS_EXTRA_CLEAR)
_BONUS_EXTRA_LIVES	       +  Byte	 DGROUP:093D
(_BONUS_EXTRA_LIVES)
_BONUS_EXTRA_SIGMA_FRAMES      +  Byte	 DGROUP:094F
(_BONUS_EXTRA_SIGMA_FRAMES)
Turbo Assembler	 Version 5.3	    09-05-26 02:41:13	    Page 56
Symbol Table



_BONUS_LIVES (_BONUS_LIVES)	  Byte	 DGROUP:0912
_BONUS_PLAYPERF		       +  Byte	 DGROUP:0904
(_BONUS_PLAYPERF)
_BONUS_POINT (_BONUS_POINT)	  Byte	 DGROUP:092D
_BONUS_RANK (_BONUS_RANK)	  Byte	 DGROUP:08FC
_BONUS_START_BOMBS	       +  Byte	 DGROUP:0917
(_BONUS_START_BOMBS)
_BONUS_START_LIVES	       +  Byte	 DGROUP:0922
(_BONUS_START_LIVES)
_BONUS_TIMES (_BONUS_TIMES)	  Byte	 DGROUP:0930
_BOSS_BG_RENDER		       +  Dword	 DGROUP:0012
(_boss_bg_render)
_BOSS_BG_RENDER_FUNC		  Dword	 DGROUP:0036
_BOSS_DAMAGE (_boss_damage)	  Word	 DGROUP:11F4
_BOSS_END (_boss_end)		  Dword	 DGROUP:0022
_BOSS_INIT (_boss_init)		  Dword	 DGROUP:001E
_BOSS_LEFT_ON_BACK_PAGE	       +  Word	 DGROUP:11F6
(_boss_left_on_back_page)
_BOSS_LEFT_ON_PAGE	       +  Word	 DGROUP:11EC
(_boss_left_on_page)
_BOSS_PHASE_FRAME		  Word	 DGROUP:11EA
_BOSS_TOP_ON_BACK_PAGE	       +  Word	 DGROUP:11F8
(_boss_top_on_back_page)
_BOSS_TOP_ON_PAGE	       +  Word	 DGROUP:11F0
(_boss_top_on_page)
_BOSS_UPDATE (_boss_update)	  Dword	 DGROUP:0016
_BOSS_UPDATE_FUNC	       +  Dword	 DGROUP:001A
(_boss_update_func)
_BP				  Number 0008
_BUFFER_LOAD			  Near16 _TEXT:1A7C
_BULLETS (_bullets)		  Struct DGROUP:1222 BULLET_T
_BULLET_CUR_LEFT	       +  Word	 DGROUP:22E8
(_bullet_cur_left)
_BULLET_CUR_TOP		       +  Word	 DGROUP:22EA
(_bullet_cur_top)
_BULLET_SCREEN_LEFT	       +  Word	 DGROUP:22DA
(_bullet_screen_left)
_BULLET_SCREEN_TOP	       +  Word	 DGROUP:22DC
(_bullet_screen_top)
_BULLET_SPECIAL		       +  Word	 DGROUP:22DE
(_bullet_special)
_BULLET_STACK (_bullet_stack)	  Byte	 DGROUP:22EE
_BX				  Number 000C
_BX_				  Word	 _TEXT:3491
_CHECKHANDLE			  Near16 _TEXT:395E
_CHECKHANDLE2			  Near16 _TEXT:395A
_CLEAR_BYTES (_clear_bytes)	  Byte	 DGROUP:1098
_CLIPXL	(_ClipXL)		  Word	 DGROUP:044C
_CLIPXR	(_ClipXR)		  Word	 DGROUP:0450
_CLIPXW	(_ClipXW)		  Word	 DGROUP:044E
_CLIPYB	(_ClipYB)		  Word	 DGROUP:0456
_CLIPYB_ADR (_ClipYB_adr)	  Word	 DGROUP:045A
_CLIPYH	(_ClipYH)		  Word	 DGROUP:0454
_CLIPYT	(_ClipYT)		  Word	 DGROUP:0452
_CLIPYT_SEG (_ClipYT_seg)	  Word	 DGROUP:0458
_CLOSE				  Near16 _TEXT:38C7
_CLOSE1				  Near16 _TEXT:38CE
_COMMENT_SKIP			  Near16 _TEXT:151B
_COSTABLE8 (_CosTable8)		  Word	 DGROUP:055C
_CS				  Number 0016
_CTINIT_LOOP			  Near16 _TEXT:14F0
_CX				  Number 0010
_DECODE_FORKA			  Near16 _TEXT:1732
_DECODE_LOOPA			  Near16 _TEXT:16DC
_DEMOBUF (_DemoBuf)		  Dword	 DGROUP:0042
_DEMO_FRAME (_demo_frame)	  Word	 DGROUP:0086
_DI				  Number 0004
_DIALOG_BOX_CUR		       +  Byte	 DGROUP:5A14
(_dialog_box_cur)
_DIALOG_FN (_dialog_fn)		  Byte	 DGROUP:126B
_DIALOG_TEXT (_dialog_text)	  Byte	 DGROUP:4614
_DS				  Number 0002
_DS_				  Word	 _TEXT:00ED
_DUMMY_SKIP			  Near16 _TEXT:1525
_DX				  Number 000E
_EASY_SLOW_SKIP_CYCLE	       +  Byte	 DGROUP:22ED
(_easy_slow_skip_cycle)
_END_CHECK			  Near16 _TEXT:192E
_END_CHECKB			  Near16 _TEXT:1930
_END_CHECKC			  Near16 _TEXT:1939
_ENVP				  Number 000C
_ERROR				  Near16 _TEXT:3974
_ERRORA				  Far16	 _TEXT:149A
_ES				  Number 0000
_EXECL (_execl)			  Far16	 ----:---- Extern
_EXTENDS_GAINED		       +  Word	 DGROUP:0AB6
(_extends_gained)
_EXTEND_SCORES (_EXTEND_SCORES)	  Dword	 DGROUP:0A9E
_EXTRA_CLEAR_FLAGS	       +  Byte	 DGROUP:1308
(_EXTRA_CLEAR_FLAGS)
_FILE_BUFFER (_file_Buffer)	  Dword	 DGROUP:008E
_FILE_BUFFERPOS		       +  Dword	 DGROUP:0092
(_file_BufferPos)
Turbo Assembler	 Version 5.3	    09-05-26 02:41:13	    Page 57
Symbol Table



_FILE_BUFFERSIZE	       +  Word	 DGROUP:047E
(_file_BufferSize)
_FILE_BUFPTR (_file_BufPtr)	  Word	 DGROUP:0096
_FILE_EOF (_file_Eof)		  Word	 DGROUP:009A
_FILE_ERRORSTAT		       +  Word	 DGROUP:009C
(_file_ErrorStat)
_FILE_HANDLE (_file_Handle)	  Word	 DGROUP:0480
_FILE_INREADBUF		       +  Word	 DGROUP:0098
(_file_InReadBuf)
_FILE_POINTER (_file_Pointer)	  Dword	 DGROUP:008A
_FILE_SHARINGMODE	       +  Word	 DGROUP:0482
(_file_sharingmode)
_FLAGS				  Number 0018
_FOUR_DIGIT_POWERS_OF_10       +  Word	 DGROUP:0990
(_FOUR_DIGIT_POWERS_OF_10)
_GAIJI_FN (_GAIJI_FN)		  Byte	 DGROUP:0B2E
_GALPHABET (_gALPHABET)		  Byte	 DGROUP:12C1
_GAME_CLEAR_CONSTANTS	       +  Word	 DGROUP:1302
(_GAME_CLEAR_CONSTANTS)
_GBHI_SCORE (_gbHI_SCORE)	  Byte	 DGROUP:12B8
_GBNAME	(_gbNAME)		  Byte	 DGROUP:12F4
_GBONUS_0 (_gBONUS_0)		  Byte	 DGROUP:08F0
_GBONUS_1 (_gBONUS_1)		  Byte	 DGROUP:08F6
_GBPOINT (_gbPOINT)		  Byte	 DGROUP:12F9
_GBST (_gbST)			  Byte	 DGROUP:12FF
_GEASY				  Byte	 DGROUP:0AED
_GENERIC_BOX_COUNTS	       +  Byte	 DGROUP:10C0
(_GENERIC_BOX_COUNTS)
_GENERIC_FACES (_GENERIC_FACES)	  Byte	 DGROUP:10CC
_GETDATE (_getdate)		  Far16	 ----:---- Extern
_GEXTRA				  Byte	 DGROUP:0B0D
_GHARD				  Byte	 DGROUP:0AFD
_GHUD_BAR_BLANK		       +  Byte	 DGROUP:0AE7
(_gHUD_BAR_BLANK)
_GHUD_BAR_MAX (_gHUD_BAR_MAX)	  Byte	 DGROUP:0AD8
_GLUNATIC			  Byte	 DGROUP:0B05
_GNORMAL			  Byte	 DGROUP:0AF5
_GRANKS	(_gRANKS)		  Byte	 DGROUP:0AED
_GRAPH_MESHBYTE		       +  Byte	 DGROUP:0498
(_graph_MeshByte)
_GRAPH_VRAMLINES	       +  Word	 DGROUP:0492
(_graph_VramLines)
_GRAPH_VRAMSEG (_graph_VramSeg)	  Word	 DGROUP:048E
_GRAPH_VRAMWIDTH	       +  Word	 DGROUP:0494
(_graph_VramWidth)
_GRAPH_VRAMWORDS	       +  Word	 DGROUP:0490
(_graph_VramWords)
_GRAPH_VRAMZOOM		       +  Word	 DGROUP:0496
(_graph_VramZoom)
_GSHISCORE (_gsHISCORE)		  Byte	 DGROUP:0B1A
_GSREIGEKI (_gsREIGEKI)		  Byte	 DGROUP:0B24
_GSREIMU (_gsREIMU)		  Byte	 DGROUP:0B1F
_GSREIRYOKU (_gsREIRYOKU)	  Byte	 DGROUP:0B29
_GSSCORE (_gsSCORE)		  Byte	 DGROUP:0B15
_HI (_hi)			  Struct DGROUP:5E98 SCOREDAT_SECTION_T
_HISCORE (_hiscore)		  Dword	 DGROUP:5E92
_HISCORE_CONTINUES	       +  Byte	 DGROUP:5E96
(_hiscore_continues)
_HOOK				  Near16 _TEXT:3837
_HUD_POWER_COLORS	       +  Byte	 DGROUP:0ADE
(_HUD_POWER_COLORS)
_IOCTL				  Near16 _TEXT:3948
_IP				  Number 0014
_ITEMS (_items)			  Struct DGROUP:22F0 ITEM_T
_ITEMS_MISS_ADD_GAMEOVER       +  Byte	 DGROUP:243B
(_items_miss_add_gameover)
_ITEM_BIGPOWER_OVERRIDE	       +  Word	 DGROUP:0A1E
(_item_bigpower_override)
_ITEM_COLLECT_SKILL	       +  Byte	 DGROUP:2442
(_item_collect_skill)
_ITEM_DROP_CYCLE	       +  Byte	 DGROUP:0A97
(_item_drop_cycle)
_ITEM_FRAME_UNUSED	       +  Word	 DGROUP:2444
(_item_frame_unused)
_ITEM_MISS_VELOCITY_X_CENTER   +  Byte	 DGROUP:0A8D
(_ITEM_MISS_VELOCITY_X_CENTER)
_ITEM_MISS_VELOCITY_Y_CENTER   +  Byte	 DGROUP:0A92
(_ITEM_MISS_VELOCITY_Y_CENTER)
_ITEM_MISS_VELOCITY_Y_SIDES    +  Byte	 DGROUP:0A88
(_ITEM_MISS_VELOCITY_Y_SIDES)
_ITEM_PATNUM (_ITEM_PATNUM)	  Byte	 DGROUP:0A2A
_ITEM_P_LEFT (_item_p_left)	  Word	 DGROUP:2434
_ITEM_P_LEFT_PTR	       +  Word	 DGROUP:2430
(_item_p_left_ptr)
_ITEM_P_TOP (_item_p_top)	  Word	 DGROUP:2436
_ITEM_P_TOP_PTR		       +  Word	 DGROUP:2432
(_item_p_top_ptr)
_ITEM_SCORE_THIS_FRAME	       +  Dword	 DGROUP:243E
(_item_score_this_frame)
_ITEM_SEMIRANDOM_CYCLE	       +  Byte	 DGROUP:243C
(_item_semirandom_cycle)
_ITEM_SEMIRANDOM_RING	       +  Byte	 DGROUP:0A20
(_ITEM_SEMIRANDOM_RING)
Turbo Assembler	 Version 5.3	    09-05-26 02:41:13	    Page 58
Symbol Table



_ITEM_SEMIRANDOM_RING_P	       +  Byte	 DGROUP:243A
(_item_semirandom_ring_p)
_ITEM_SKILL (_item_skill)	  Word	 DGROUP:0A86
_KEY_DELAY_GROUPS	       +  Byte	 DGROUP:0800
(_key_delay_groups)
_KEY_DET (_key_det)		  Word	 DGROUP:0B42
_LENGTH_FOUR			  Near16 _TEXT:18EA
_LINE_BLANK (_LINE_BLANK)	  Word	 DGROUP:1096
_LIVES (_lives)			  Byte	 DGROUP:0A9C
_LOOP_RCA			  Near16 _TEXT:1A42
_MAIN (_main)			  Far16	 MAIN_01:0000
_MAIN_DECODE_LOOPA		  Near16 _TEXT:1644
_MAP (_map)			  Byte	 DGROUP:31F0
_MAP_FULL_ROW_AT_TOP_OF_SCREEN +  Word	 DGROUP:3330
(_map_full_row_at_top_of_screen)
_MAP_LENGTH (_map_length)	  Word	 DGROUP:3B72
_MAP_SECTION_TILES	       +  Byte	 DGROUP:25F0
(_map_section_tiles)
_MASTER_COPYRIGHT	       +  Byte	 DGROUP:077D
(_Master_Copyright)
_MASTER_VERSION		       +  Byte	 DGROUP:0778
(_Master_Version)
_MASTER_VERSION_FAR	       +  Byte	 DGROUP:0764
(_Master_Version_FAR)
_MEMCPY	(_memcpy)		  Far16	 ----:---- Extern
_MEM_ALLOCID (_mem_AllocID)	  Word	 DGROUP:07D6
_MEM_ENDMARK (_mem_EndMark)	  Word	 DGROUP:00E2
_MEM_FIRSTHOLE (_mem_FirstHole)	  Word	 DGROUP:00E0
_MEM_MYOWN (_mem_MyOwn)		  Word	 DGROUP:07D4
_MEM_OUTSEG (_mem_OutSeg)	  Word	 DGROUP:00DC
_MEM_RESERVE (_mem_Reserve)	  Word	 DGROUP:07D8
_MEM_TOPHEAP (_mem_TopHeap)	  Word	 DGROUP:00DE
_MEM_TOPSEG (_mem_TopSeg)	  Word	 DGROUP:07D2
_MIDBOSS3_KILL_FRAME	       +  Word	 DGROUP:101A
(_midboss3_kill_frame)
_MIDBOSS3_LEFT_ON_BACK_PAGE    +  Dword	 DGROUP:38F6
(_midboss3_left_on_back_page)
_MIDBOSS3_LEFT_ON_PAGE	       +  Word	 DGROUP:11B6
(_midboss3_left_on_page)
_MIDBOSS3_TOP_ON_BACK_PAGE     +  Dword	 DGROUP:390A
(_midboss3_top_on_back_page)
_MIDBOSS3_TOP_ON_PAGE	       +  Word	 DGROUP:11CA
(_midboss3_top_on_page)
_MIDBOSS_ACTIVE		       +  Byte	 DGROUP:11B4
(_midboss_active)
_MIDBOSS_INVALIDATE	       +  Dword	 DGROUP:000E
(_midboss_invalidate)
_MIDBOSS_UPDATE_AND_RENDER     +  Dword	 DGROUP:000A
(_midboss_update_and_render)
_MINFO_SKIPA			  Near16 _TEXT:159A
_MINFO_SKIPB			  Near16 _TEXT:15A6
_MISS_ACTIVE (_miss_active)	  Byte	 DGROUP:0A17
_MISS_FRAME (_miss_frame)	  Byte	 DGROUP:11A3
_MOVEFILEPOINTER		  Near16 _TEXT:38F9
_MPN_COUNT (_mpn_count)		  Byte	 DGROUP:080D
_MPN_FREE (_mpn_free)		  Far16	 SHARED:---- Extern
_MPN_IMAGES (_mpn_images)	  Dword	 DGROUP:0B56
_MPN_PALETTE (_mpn_palette)	  Struct DGROUP:0B5A PALETTE_T
_MPN_SHOW_PALETTE_ON_LOAD      +  Byte	 DGROUP:080C
(_mpn_show_palette_on_load)
_NBS0				  Near16 _TEXT:1848
_OK				  Near16 _TEXT:397D
_OPEN				  Near16 _TEXT:3892
_OPEN1				  Near16 _TEXT:3899
_OPEN2				  Near16 _TEXT:38A0
_OPEN3				  Near16 _TEXT:38B3
_PAGE_BACK (_page_back)		  Byte	 DGROUP:11B2
_PAGE_FRONT (_page_front)	  Byte	 DGROUP:11B3
_PALETTENOTE (_PaletteNote)	  Word	 DGROUP:04CC
_PALETTES (_Palettes)		  Byte	 DGROUP:00A2
_PALETTESINIT (_PalettesInit)	  Byte	 DGROUP:049C
_PALETTETONE (_PaletteTone)	  Word	 DGROUP:049A
_PALETTE_LOAD			  Near16 _TEXT:161C
_PALETTE_SKIP			  Near16 _TEXT:1626
_PFERRNO (_pferrno)		  Word	 DGROUP:04D4
_PFKEY (_pfkey)			  Byte	 DGROUP:04D6
_PF_FN (_pf_fn)			  Byte	 DGROUP:080E
_PI_BUFFERS (_pi_buffers)	  Dword	 DGROUP:08F6
_PI_HEADERS (_pi_headers)	  Struct DGROUP:090E PIHEADER
_PLAYCHAR_BOMB_FUNC	       +  Word	 DGROUP:2564
(_playchar_bomb_func)
_PLAYCHAR_SPEED_ALIGNED_X      +  Byte	 DGROUP:11A4
(_playchar_speed_aligned_x)
_PLAYCHAR_SPEED_ALIGNED_Y      +  Byte	 DGROUP:11A5
(_playchar_speed_aligned_y)
_PLAYCHAR_SPEED_DIAGONAL_X     +  Byte	 DGROUP:11A6
(_playchar_speed_diagonal_x)
_PLAYCHAR_SPEED_DIAGONAL_Y     +  Byte	 DGROUP:11A7
(_playchar_speed_diagonal_y)
_PLAYER_INVINCIBILITY_TIME     +  Byte	 DGROUP:119F
(_player_invincibility_time)
_PLAYER_INVINCIBLE_VIA_BOMB    +  Byte	 DGROUP:11A0
(_player_invincible_via_bomb)
Turbo Assembler	 Version 5.3	    09-05-26 02:41:13	    Page 59
Symbol Table



_PLAYER_IS_HIT (_player_is_hit)	  Byte	 DGROUP:119E
_PLAYER_LEFT_ON_BACK_PAGE      +  Word	 DGROUP:1188
(_player_left_on_back_page)
_PLAYER_LEFT_ON_PAGE	       +  Word	 DGROUP:1180
(_player_left_on_page)
_PLAYER_OPTION_LEFT_LEFT_ON_BACK  Word	 DGROUP:118C
_			       +
(_player_option_left_left_on_bac
k_)
_PLAYER_OPTION_LEFT_TOPLEFT    +  Struct DGROUP:1194 POINT
(_player_option_left_topleft)
_PLAYER_OPTION_LEFT_TOP_ON_BACK_  Word	 DGROUP:118E
P			       +
(_player_option_left_top_on_back
_p)
_PLAYER_OPTION_PATNUM	       +  Byte	 DGROUP:0A1B
(_player_option_patnum)
_PLAYER_PATNUM (_player_patnum)	  Word	 DGROUP:0A12
_PLAYER_TOPLEFT		       +  Struct DGROUP:1190 POINT
(_player_topleft)
_PLAYER_TOP_ON_BACK_PAGE       +  Word	 DGROUP:118A
(_player_top_on_back_page)
_PLAYER_TOP_ON_PAGE	       +  Word	 DGROUP:1184
(_player_top_on_page)
_PLAYPERF (_playperf)		  Word	 DGROUP:0E0C
_PLAYPERF_MAX (_playperf_max)	  Byte	 DGROUP:0046
_POINTNUMS (_pointnums)		  Struct DGROUP:0E10 CPOINTNUMS
_POINT_ITEMS_COLLECTED	       +  Word	 DGROUP:2438
(_point_items_collected)
_POSITION_DECODE_SKIP		  Near16 _TEXT:16BE
_POSITION_ZERO			  Near16 _TEXT:18B2
_POWER (_power)			  Byte	 DGROUP:0A16
_POWER_OVERFLOW		       +  Word	 DGROUP:0A1C
(_power_overflow)
_POWER_OVERFLOW_BONUS	       +  Word	 DGROUP:0A30
(_POWER_OVERFLOW_BONUS)
_POWER_RESET_FOR	       +  Byte	 DGROUP:100F
(_POWER_RESET_FOR)
_POWER_TO_SHOT_LEVEL	       +  Byte	 DGROUP:0B39
(_POWER_TO_SHOT_LEVEL)
_QUIT (_quit)			  Byte	 DGROUP:11A1
_RANDOM_SEED (_random_seed)	  Dword	 DGROUP:04D8
_RANDRING (_randring)		  Byte	 DGROUP:0D04
_RANDRING_P (_randring_p)	  Byte	 DGROUP:0E04
_RANK (_rank)			  Byte	 DGROUP:0864
_RANK_BASE_SPEED	       +  Byte	 DGROUP:22E4
(_rank_base_speed)
_RANK_BASE_STACK	       +  Byte	 DGROUP:22EC
(_rank_base_stack)
_READ				  Near16 _TEXT:38E5
_READ_COLOR			  Near16 _TEXT:1962
_REDUCE_EFFECTS		       +  Byte	 DGROUP:1206
(_reduce_effects)
_RESIDENT (_resident)		  Dword	 DGROUP:0E06
_RESPALSEG (_ResPalSeg)		  Word	 DGROUP:04CE
_RESTORE_TILE_MODE_NONE_AT_POST+  Byte	 DGROUP:5A15
(_restore_tile_mode_none_at_post
)
_SBOMB_PARTICLES	       +  Byte	 DGROUP:0BE2
(_sBOMB_PARTICLES)
_SCORE (_score)			  Dword	 DGROUP:0A98
_SCOREDAT_FN_PTR	       +  Dword	 DGROUP:12B4
(_SCOREDAT_FN_PTR)
_SCORE_DELTA (_score_delta)	  Dword	 DGROUP:2446
_SCORE_DELTA_TRANSFERRED_PREV  +  Word	 DGROUP:244A
(_score_delta_transferred_prev)
_SCORE_RESET_UNKNOWN_40000     +  Dword	 DGROUP:0AB8
(_score_reset_unknown_40000)
_SCROLL_CYCLE (_scroll_cycle)	  Byte	 DGROUP:0EDD
_SCROLL_DONE (_scroll_done)	  Byte	 DGROUP:0A01
_SCROLL_INTERVAL	       +  Byte	 DGROUP:0A00
(_scroll_interval)
_SCROLL_LINE (_scroll_line)	  Word	 DGROUP:0EDE
_SCROLL_SPEED (_scroll_speed)	  Byte	 DGROUP:0EDC
_SCROLL_UNUSED (_scroll_unused)	  Word	 DGROUP:0EE0
_SDIEXISTS (_SdiExists)		  Word	 DGROUP:04D0
_SEVEN_DIGIT_POWERS_OF_10      +  Dword	 DGROUP:0ABC
(_SEVEN_DIGIT_POWERS_OF_10)
_SHOT_LEVEL (_shot_level)	  Byte	 DGROUP:244C
_SI				  Number 0006
_SIGMA_FRAME (_sigma_frame)	  Dword	 DGROUP:121C
_SINTABLE8 (_SinTable8)		  Word	 DGROUP:04DC
_SKIP_RC			  Near16 _TEXT:19D8
_SLAA				  Near16 _TEXT:184E
_SLAA0				  Near16 _TEXT:1850
_SLAA1				  Near16 _TEXT:1858
_SLAA2				  Near16 _TEXT:1866
_SLAB				  Near16 _TEXT:188A
_SLB				  Near16 _TEXT:18D2
_SLC				  Near16 _TEXT:1902
_SLD				  Near16 _TEXT:1918
_SLOWDOWN_FACTOR	       +  Byte	 DGROUP:1207
(_slowdown_factor)
Turbo Assembler	 Version 5.3	    09-05-26 02:41:13	    Page 60
Symbol Table



_SND_ACTIVE (_snd_active)	  Byte	 DGROUP:080A
_SND_DELAY_UNTIL_VOLUME	       +  Far16	 SHARED:---- Extern
(_snd_delay_until_volume)
_SND_DETERMINE_MODE	       +  Far16	 SHARED:---- Extern
(_snd_determine_mode)
_SND_FM_POSSIBLE	       +  Byte	 DGROUP:0B44
(_snd_fm_possible)
_SND_INTERRUPT_IF_MIDI	       +  Byte	 DGROUP:0B46
(_snd_interrupt_if_midi)
_SND_KAJA_INTERRUPT	       +  Far16	 SHARED:---- Extern
(_snd_kaja_interrupt)
_SND_LOAD (_snd_load)		  Far16	 SHARED:---- Extern
_SND_LOAD_FN (_snd_load_fn)	  Byte	 DGROUP:0B48
_SND_MIDI_ACTIVE	       +  Byte	 DGROUP:0B45
(_snd_midi_active)
_SND_MIDI_POSSIBLE	       +  Byte	 DGROUP:0B47
(_snd_midi_possible)
_SND_MMD_RESIDENT	       +  Far16	 SHARED:---- Extern
(_snd_mmd_resident)
_SND_PMD_RESIDENT	       +  Far16	 SHARED:---- Extern
(_snd_pmd_resident)
_SND_SE_FRAME (_snd_se_frame)	  Byte	 DGROUP:085D
_SND_SE_PLAY (_snd_se_play)	  Far16	 SHARED:---- Extern
_SND_SE_PLAYING		       +  Byte	 DGROUP:081A
(_snd_se_playing)
_SND_SE_PRIORITIES	       +  Byte	 DGROUP:081B
(_snd_se_priorities)
_SND_SE_PRIORITY_FRAMES	       +  Byte	 DGROUP:083C
(_snd_se_priority_frames)
_SND_SE_RESET (_snd_se_reset)	  Far16	 SHARED:---- Extern
_SND_SE_UPDATE (_snd_se_update)	  Far16	 SHARED:---- Extern
_SP				  Number 000A
_SPARKS	(_sparks)		  Struct DGROUP:1DDA SPARK_T
_SPARK_ACCEL_X (_spark_accel_x)	  Word	 DGROUP:100A
_SPARK_AGE_MAX (_spark_age_max)	  Byte	 DGROUP:22E6
_SPARK_RING_I (_spark_ring_i)	  Word	 DGROUP:0E0E
_SPARK_SPRITE_INTERVAL	       +  Byte	 DGROUP:22E5
(_spark_sprite_interval)
_SPELLET (_sPELLET)		  Byte	 DGROUP:0870
_SPOINTNUMS (_sPOINTNUMS)	  Byte	 DGROUP:0998
_SSB				  Near16 _TEXT:182A
_SSC				  Near16 _TEXT:1834
_SSPARKS (_sSPARKS)		  Byte	 DGROUP:0C0A
_STAGE4_POSTBOSS_CONTINUED_AFTER  Word	 DGROUP:1202
_			       +
(_STAGE4_POSTBOSS_CONTINUED_AFTE
R_)
_STAGE4_POSTBOSS_CONTINUED_BEFOR  Word	 DGROUP:11FC
E			       +
(_STAGE4_POSTBOSS_CONTINUED_BEFO
RE)
_STAGE4_POSTBOSS_CONTINUED_NUMER  Word	 DGROUP:11E8
A			       +
(_STAGE4_POSTBOSS_CONTINUED_NUME
RA)
_STAGE4_POSTBOSS_NOTCONTINUED_FA  Word	 DGROUP:120C
C			       +
(_STAGE4_POSTBOSS_NOTCONTINUED_F
AC)
_STAGE4_PREBOSS_INTRO_FACES    +  Byte	 DGROUP:11D4
(_STAGE4_PREBOSS_INTRO_FACES)
_STAGE4_PREBOSS_MARISA_FACES   +  Byte	 DGROUP:11DC
(_STAGE4_PREBOSS_MARISA_FACES)
_STAGE5_FORM1DEFEAT_CONTINUED_FA  Byte	 DGROUP:123D
C			       +
(_STAGE5_FORM1DEFEAT_CONTINUED_F
AC)
_STAGE5_FORM1DEFEAT_NOTCONTINUED  Byte	 DGROUP:1242
_			       +
(_STAGE5_FORM1DEFEAT_NOTCONTINUE
D_)
_STAGE5_PREBOSS_CONTINUED_FACES+  Byte	 DGROUP:1216
(_STAGE5_PREBOSS_CONTINUED_FACES
)
_STAGE5_PREBOSS_NOTCONTINUED_FAC  Byte	 DGROUP:122C
E			       +
(_STAGE5_PREBOSS_NOTCONTINUED_FA
CE)
_STAGE_BOMBS_USED	       +  Byte	 DGROUP:245C
(_stage_bombs_used)
_STAGE_FRAME (_stage_frame)	  Dword	 DGROUP:11AC
_STAGE_ID (_stage_id)		  Byte	 DGROUP:0865
_STAGE_MISS_COUNT	       +  Byte	 DGROUP:11A2
(_stage_miss_count)
_STAGE_PROGRESSION	       +  Byte	 DGROUP:0000
(_stage_progression)
_STAGE_TITLE (_stage_title)	  Word	 DGROUP:0004
_STAGE_TITLES (_STAGE_TITLES)	  Word	 DGROUP:0038
_STAGE_TITLE_HALFLEN	       +  Byte	 DGROUP:0002
(_stage_title_halflen)
_STAGE_TITLE_HALFLENGTHS       +  Byte	 DGROUP:0044
(_STAGE_TITLE_HALFLENGTHS)
_STONE_DAMAGE (_stone_damage)	  Word	 DGROUP:11DE
Turbo Assembler	 Version 5.3	    09-05-26 02:41:13	    Page 61
Symbol Table



_STONE_FLAG (_stone_flag)	  Byte	 DGROUP:11FA
_STONE_LEFT (_stone_left)	  Word	 DGROUP:391E
_STONE_TOP (_stone_top)		  Word	 DGROUP:3928
_SUPER_BUFFER (_super_buffer)	  Word	 DGROUP:07FA
_SUPER_CHARFREE		       +  Word	 DGROUP:07FE
(_super_charfree)
_SUPER_PATDATA (_super_patdata)	  Word	 DGROUP:00E4
_SUPER_PATNUM (_super_patnum)	  Word	 DGROUP:07FC
_SUPER_PATSIZE (_super_patsize)	  Word	 DGROUP:04E4
_TERMINATE			  Near16 _TEXT:393C
_TEXTSHOWN (_TextShown)		  Word	 DGROUP:0762
_TEXTVRAMADR (_TextVramAdr)	  Dword	 DGROUP:075C
_TEXTVRAMSEG (_TextVramSeg)	  Word	 DGROUP:075E
_TEXTVRAMWIDTH (_TextVramWidth)	  Word	 DGROUP:0760
_THRU				  Near16 _TEXT:3962
_TILES_EGC_RENDER_ALL	       +  Byte	 DGROUP:38E2
(_tiles_egc_render_all)
_TILES_FOR_NEW_ROW	       +  Byte	 DGROUP:3400
(_tiles_for_new_row)
_TILE_COLUMN_DIRTY	       +  Byte	 DGROUP:38CA
(_tile_column_dirty)
_TILE_COPY_LINES_H	       +  Word	 DGROUP:33FE
(_tile_copy_lines_h)
_TILE_COPY_LINES_TOP	       +  Word	 DGROUP:33FC
(_tile_copy_lines_top)
_TILE_DIRTY (_tile_dirty)	  Byte	 DGROUP:3672
_TILE_IMAGE_VOS		       +  Word	 DGROUP:3334
(_tile_image_vos)
_TILE_LINE_AT_TOP	       +  Byte	 DGROUP:3332
(_tile_line_at_top)
_TILE_MODE (_tile_mode)		  Byte	 DGROUP:3418
_TILE_RING (_tile_ring)		  Byte	 DGROUP:3419
_TOTAL_BOMBS_USED	       +  Byte	 DGROUP:0B4E
(_total_bombs_used)
_TOTAL_MISS_COUNT	       +  Byte	 DGROUP:100C
(_total_miss_count)
_TRAPEZ_A (_trapez_a)		  Word	 DGROUP:007A
_TRAPEZ_B (_trapez_b)		  Word	 DGROUP:0082
_VRAM_PLANE (_VRAM_PLANE)	  Dword	 DGROUP:08E6
_VRAM_PLANE_B (_VRAM_PLANE_B)	  Dword	 DGROUP:08E6
_VRAM_PLANE_E (_VRAM_PLANE_E)	  Dword	 DGROUP:08F2
_VRAM_PLANE_G (_VRAM_PLANE_G)	  Dword	 DGROUP:08EE
_VRAM_PLANE_R (_VRAM_PLANE_R)	  Dword	 DGROUP:08EA
_VSYNC_COUNT1 (_vsync_Count1)	  Word	 DGROUP:00D2
_VSYNC_COUNT2 (_vsync_Count2)	  Word	 DGROUP:00D4
_VSYNC_DELAY (_vsync_Delay)	  Word	 DGROUP:07C6
_VSYNC_OLDMASK (_vsync_OldMask)	  Byte	 DGROUP:07C8
_VSYNC_OLDVECT (_vsync_OldVect)	  Dword	 DGROUP:00D6
_VSYNC_PROC (_vsync_Proc)	  Dword	 DGROUP:07C2

Macro Name

CHK
CLR
EGC_SETUP_COPY
EGC_START_COPY_DEF
EGC_START_COPY_INLINED
ENDFUNC
FREEPISLOTLARGE
FUNC
GETOUTCODE
GRAPH_ACCESSPAGE
GRAPH_EGC
GRAPH_MODE_CHANGE
GRAPH_MODE_EGC
GRAPH_SHOWPAGE
GRCG_NOINT_SETMODE_VIA_MOV
GRCG_OFF_CLOBBERING
GRCG_OFF_VIA_MOV
GRCG_OFF_VIA_XOR
GRCG_SETCOLOR_DIRECT
GRCG_SETMODE_CLOBBERING
GRCG_SETMODE_VIA_MOV
JMOV
KAJACALL
L_
MIN2
MRETURN
MSDOS
NOPCALL
OUTB
OUTW
OUTW2
RANDRING_NEXT_DEF
RETFUNC
RING_INC
ROTATE
SETFARFP
S_
S_INC
S_MOV
S_POP
S_PUSH
Turbo Assembler	 Version 5.3	    09-05-26 02:41:13	    Page 62
Symbol Table



VERS
_ADD
_BITL
_BITL1
_BITL8
_CALL
_INC
_LDS
_LES
_MOV
_POP
_PUSH
_TOO
_TOR

Structure Name			  Type	Offset

BFILE
 B_HDL				  Word	 0000
 B_LEFT				  Word	 0002
 B_POS				  Word	 0004
 B_SIZ				  Word	 0006
 B_BUFF				  Byte	 0008
BFNT_HEADER
 ID				  Byte	 0000
 COL				  Byte	 0005
 VER				  Byte	 0006
 X00				  Byte	 0007
 XDOTS				  Word	 0008
 YDOTS				  Word	 000A
 START				  Word	 000C
 END_				  Word	 000E
 FONT_NAME			  Byte	 0010
 TIME				  Dword	 0018
 EXTSIZE			  Word	 001C
 HDRSIZE			  Word	 001E
BULLET_T
 BULLET_FLAG			  Byte	 0000
 BULLET_SIZE_TYPE		  Byte	 0001
 BULLET_SCREEN_TOPLEFT		  Struct 0002 POINT
 BULLET_VELOCITY		  Struct 000A POINT
 BULLET_PATNUM			  Byte	 000E
 BULLET_GROUP			  Byte	 000F
 BULLET_ANGLE			  Byte	 0010
 BULLET_SPEED			  Byte	 0011
 BULLET_U1			  Byte	 0012
CPOINTNUMS
 PN_COL				  Byte	 0000
 PN_LEFT			  Word	 0002
 PN_TOP				  Word	 002A
 PN_POINTS			  Word	 007A
 PN_FLAG			  Byte	 00A2
 PN_AGE				  Byte	 00B6
 PN_OP				  Byte	 00CA
 PN_OPERAND			  Byte	 00CB
DATE
 DA_YEAR			  Word	 0000
 DA_DAY				  Byte	 0002
 DA_MON				  Byte	 0003
EXEHEADER
 EH_M				  Byte	 0000
 EH_Z				  Byte	 0001
 EH_MOD				  Word	 0002
 EH_PAGE			  Word	 0004
ITEM_POS_T
 ITEM_SCREEN_LEFT		  Word	 0000
 ITEM_SCREEN_TOP		  Word	 0002
ITEM_T
 ITEM_FLAG			  Byte	 0000
 ITEM_TYPE			  Byte	 0001
 ITEM_POS			  Struct 0002 ITEM_POS_T
 ITEM_VELOCITY_Y		  Word	 000A
 ITEM_VELOCITY_X_DURING_BOUNCE	  Word	 000C
 ITEM_AGE			  Word	 000E
MEMHEAD
 USING				  Word	 0000
 NEXTSEG			  Word	 0002
 MEM_ID				  Word	 0004
MIKOCONFIG_T
 ID				  Byte	 0000
 STAGE				  Byte	 000B
 DEBUG_FLAG			  Byte	 000C
 SCORE				  Dword	 000E
 CONTINUES_USED			  Word	 0012
 REM_BOMBS			  Byte	 0014
 REM_LIVES			  Byte	 0015
 RANK				  Byte	 0016
 START_POWER			  Byte	 0017
 BGM_MODE			  Byte	 0018
 START_BOMBS			  Byte	 0019
 START_LIVES			  Byte	 001A
 FRAME				  Dword	 001C
 UNUSED_1			  Word	 0020
Turbo Assembler	 Version 5.3	    09-05-26 02:41:13	    Page 63
Symbol Table



 UNUSED_2			  Byte	 0022
 MAIN_RETVAL			  Byte	 0023
 REDUCE_EFFECTS			  Byte	 0024
 UNUSED_3			  Byte	 0025
 SHOTTYPE			  Byte	 0026
 DEMO_NUM			  Byte	 0027
 SKILL				  Word	 0028
 UNUSED_4			  Word	 002A
 SCORE_HIGHEST			  Dword	 002C
PALETTE_T
 COLORS				  Struct 0000 RGB_T
PFHEADER
 HD_TYPE			  Word	 0000
 HD_AUX				  Byte	 0002
 HD_FNM				  Byte	 0003
 HD_PSZ				  Dword	 0010
 HD_OSZ				  Dword	 0014
 HD_OFS				  Dword	 0018
 HD_RSV				  Byte	 001C
PFILE
 PF_BF				  Word	 0000
 PF_GETC			  Word	 0002
 PF_GETX			  Word	 0004
 PF_SIZE			  Dword	 0006
 PF_READ			  Dword	 000A
 PF_HOME			  Dword	 000E
 PF_LOC				  Dword	 0012
 PF_OSIZE			  Dword	 0016
 PF_CNT				  Word	 001A
 PF_CH				  Word	 001C
 PF_KEY				  Byte	 001E
PIHEADER
 COMMENT_OFFSET			  Word	 0000
 COMMENT_SEGMENT		  Word	 0002
 COMMENTLEN			  Word	 0004
 PI_MODE			  Byte	 0006
 _N				  Byte	 0007
 _M				  Byte	 0008
 _PLANE				  Byte	 0009
 _MACHINE			  Byte	 000A
 MAEXLEN			  Word	 000E
 MAEX_OFFSET			  Word	 0010
 MAEX_SEGMENT			  Word	 0012
 _XSIZE				  Word	 0014
 _YSIZE				  Word	 0016
 _PALETTE			  Byte	 0018
POINT
 X				  Word	 0000
 Y				  Word	 0002
QQ
 LENG				  Byte	 0004
 QDAT				  Byte	 0005
 ONKAI				  Byte	 0055
RGB_T
 R				  Byte	 0000
 G				  Byte	 0001
 B				  Byte	 0002
SBSTAT
 BMUSIC				  Word	 0000
 BSOUND				  Word	 0002
 BPLAY				  Word	 0004
 BEFFECT			  Word	 0006
 BREPEAT			  Word	 0008
 BMNUM				  Word	 000A
 BRNUM				  Word	 000C
 BTEMPO				  Word	 000E
 BSNUM				  Word	 0010
 BFNUM				  Word	 0012
SCOREDAT_SECTION_T
 SCORESECT_SCORE		  Struct 0000 SCOREDAT_T
 SCORESECT_SECTION_SUM		  Dword	 00B2
SCOREDAT_T
 SCOREDAT_CLEARED		  Word	 0000
 SCOREDAT_SCORE			  Dword	 0002
 SCOREDAT_SCORE_SUM		  Dword	 002A
 SCOREDAT_G_NAME		  Byte	 002E
 SCOREDAT_G_NAME_FIRST_SUM	  Byte	 0074
 SCOREDAT_STAGE			  Byte	 0075
 SCOREDAT_STAGE_SUM		  Byte	 007F
 SCOREDAT_DATE			  Struct 0080 DATE
 SCOREDAT_SHOTTYPE		  Byte	 00A8
SESOUND
 SPTR				  Dword	 0000
 SBUF				  Dword	 0004
SGLB
 SIMR				  Word	 0000
 TVAL				  Word	 0002
 TP				  Word	 0004
 RFLG				  Word	 0006
 PNUM				  Word	 0008
 PCNT				  Word	 000A
 FIN				  Word	 000C
 REPSW				  Word	 000E
Turbo Assembler	 Version 5.3	    09-05-26 02:41:13	    Page 64
Symbol Table



 TCNT				  Word	 0010
 BUFSIZ				  Word	 0012
 BUFLAST			  Word	 0014
 MNUM				  Word	 0016
 MCNT				  Word	 0018
 TRACK				  Word	 001A
 PMASK				  Word	 003A
 MTP				  Word	 003C
 EFFECT				  Word	 005C
 SNUM				  Word	 005E
 SCNT				  Word	 0060
 MUSIC				  Word	 0062
 SOUND				  Word	 0064
 INIT				  Word	 0066
 CLOCKBASE			  Dword	 0068
SPARK_T
 SPARK_FLAG			  Byte	 0000
 SPARK_AGE			  Byte	 0001
 SPARK_SCREEN_TOPLEFT		  Struct 0002 POINT
 SPARK_VELOCITY			  Struct 000A POINT
 SPARK_RENDER_AS		  Byte	 000E
 SPARK_ANGLE			  Byte	 0010
 SPARK_SPEED_BASE		  Byte	 0011
 SPARK_DEFAULT_RENDER_AS	  Byte	 0013
SPART
 PPTR				  Dword	 0000
 MBUF				  Dword	 0004
 NOTE				  Word	 0008
 OCT				  Word	 000A
 LEN				  Word	 000C
 DFLEN				  Word	 000E
 LCNT				  Word	 0010
 MSK				  Word	 0012
 TNT				  Word	 0014
TH03_ARCHIVE_HEADER_T
 ENTRIES_SIZE			  Word	 0000
 UNK				  Word	 0002
 ENTRIES_COUNT			  Word	 0004
 KEY				  Word	 0006
 ZERO				  Byte	 0008
TWOBYTE_T
 LO				  Byte	 0000
 HI				  Byte	 0001

Groups & Segments		  Bit Size Align  Combine Class

DGROUP				  Group
  _BSS				  16  792E Word	  Public  BSS
  _DATA				  16  13D2 Word	  Public  DATA
MAIN_01				  Group
  HUD_TEXT			  16  0000 Byte	  Public  CODE
  ITEM_TEXT			  16  0000 Byte	  Public  CODE
  MAIN_01_TEXT			  16  162D Word	  Public  CODE
  MAIN_01__TEXT			  16  0C83 Word	  Public  CODE
  MAIN_01___TEXT		  16  0B34 Byte	  Public  CODE
  MAIN_01____TEXT		  16  027F Byte	  Public  CODE
  PLAYER_B_TEXT			  16  0000 Byte	  Public  CODE
  PLAYER_TEXT			  16  0000 Byte	  Public  CODE
  POINTNUM_TEXT			  16  0000 Byte	  Public  CODE
MAIN_03				  Group
  BOSS_5_TEXT			  16  6493 Byte	  Public  CODE
  BULLET_TEXT			  16  0345 Byte	  Public  CODE
  DIALOG_TEXT			  16  1E23 Byte	  Public  CODE
  MAIN_03_TEXT			  16  0000 Byte	  Public  CODE
  MAIN_03__TEXT			  16  28D4 Byte	  Public  CODE
MAIN_04_TEXT			  16  0158 Byte	  Public  CODE
MAIN_05_TEXT			  16  0268 Byte	  Public  CODE
MAIN_06				  Group
  MAIN_06_TEXT			  16  00E9 Byte	  Public  CODE
  REGIST_M_TEXT			  16  0000 Byte	  Public  CODE
SHARED				  16  0000 Word	  Public  CODE
_TEXT				  16  3E1E Word	  Public  CODE
